provider_id,provider_name,provider_type,address,phone,email
0,"Brown, Watkins and Rodriguez",Hospital,"138 Bennett Trace
New Russell, MA 98060",(271)651-6891,chaley@example.net
1,Clark-Harris,Hospital,"7649 Judith Grove
East Victorshire, AR 79923",(527)820-3392,thompsondaniel@example.com
2,Alexander-Haley,Doctor,"Unit 2759 Box 5511
DPO AP 85484",678.616.6308,nicoleortega@example.com
3,"Kelley, Becker and Torres",Hospital,"8733 Kyle Union
Port Lorraineland, GU 33866",727-741-8432,colleenchambers@example.net
4,Moore PLC,Doctor,"04100 Cheryl Fall
Bellside, CT 64887",841.786.5014x806,bartondaniel@example.net
5,"Wade, Solis and Palmer",Hospital,"22008 Sharon Highway Suite 250
Jenniferburgh, AZ 23892",+1-316-553-4171,daviskeith@example.org
6,Crawford-Gonzalez,Doctor,"097 Evans Hills
Bishopton, CT 42818",904-887-4812x1390,gonzalezcaitlyn@example.org
7,Newton Group,Hospital,"536 Mark Lake
New Elizabeth, WY 55954",401.839.5359,wrightscott@example.com
8,Owens PLC,Clinic,"322 Rodriguez Trail Suite 006
Lake Catherine, OK 24688",(749)995-4476x437,rubiodeborah@example.com
9,"Massey, Casey and Johnson",Clinic,"8448 Walker Streets
Gibsonborough, VT 49789",5183122653,harrissandra@example.org
10,Smith LLC,Hospital,"0094 Zachary Well Apt. 047
Deborahton, KY 93839",(366)287-2830x841,bennettnicholas@example.org
11,Donaldson-Pennington,Clinic,"51438 Chen Tunnel
South Monique, TN 59956",768.718.2831,angelazamora@example.org
12,Thomas-Ross,Hospital,"980 Jamie Burg
Fosterfurt, SD 68536",(319)340-0056x86751,kennedykristine@example.org
13,"Wilkerson, Valdez and Hernandez",Clinic,"64908 William Corners Apt. 181
East Deborah, FL 91105",(297)408-1571,diamond11@example.com
14,"Freeman, Johnson and Mooney",Doctor,"9567 Alexander Course
Davisview, ND 83749",(956)876-4814x00710,julia95@example.org
15,"Morales, Paul and Lucas",Clinic,"97358 Shaun Curve
Nelsonland, MD 25221",780-212-2811x3993,lewiskelly@example.org
16,Smith Ltd,Hospital,"31527 Stacy Forest
Brittanyhaven, VI 91620",695-233-5454x10472,vwilliams@example.net
17,Montgomery and Sons,Clinic,"706 James Lane Suite 400
New Ashley, PW 38056",001-620-474-9065x52463,michael54@example.com
18,Greer Inc,Clinic,"30283 Mitchell Parkways
Youngberg, PR 73190",001-338-883-0904x632,uolson@example.net
19,Barr-Williams,Doctor,"618 Tyler Street
New Amanda, AR 16108",001-554-443-5418,davisbenjamin@example.com
20,Torres Group,Doctor,"603 Powell Manors Suite 839
Princetown, AS 57635",(973)993-4300x6909,jennifer95@example.com
21,Rodgers PLC,Hospital,"Unit 6781 Box 7111
DPO AE 56603",001-613-619-4403x688,jesus06@example.com
22,James-Hernandez,Clinic,"39319 Marc Lights
North Angelaville, TX 39609",(278)859-8938,laura97@example.net
23,"Bryant, Porter and Rich",Doctor,"7818 Shawn Ports Suite 594
Lake Sally, MI 62888",+1-383-572-3080x75674,mmaxwell@example.org
24,Smith Ltd,Doctor,"956 Anna Hill
West Philip, ME 10049",701.432.6184x80534,ekim@example.net
25,Harding-Pennington,Clinic,"283 Hoover Forges Apt. 390
Geraldburgh, MD 93180",+1-992-964-5937x4343,wcruz@example.net
26,"Williams, Santos and Moon",Hospital,"6810 Jason Unions
Port Clinton, AL 10667",+1-434-310-3695x113,qheath@example.net
27,Hernandez-Proctor,Clinic,"213 Dorothy Manors Apt. 111
South Evanmouth, WI 79817",+1-840-455-3922x5843,jaredtorres@example.net
28,Macias-Schmitt,Clinic,"10404 Williams Village
South Danielshire, UT 02941",001-408-285-6140x1617,donaldgibson@example.com
29,Wilson Group,Doctor,"156 Romero Pike
West Jenniferport, ME 32986",660-977-0336x6353,lewisjames@example.org
30,Castro-Miller,Hospital,"609 Perez Club Apt. 464
Cantrellstad, MA 19215",2172400939,kpatel@example.net
31,"Davis, Cross and Maddox",Clinic,"726 Christie Roads Apt. 071
Kingfurt, ID 82544",335.353.4638,sbuck@example.net
32,Frye-Greene,Hospital,"74733 Roth Parks
Brandonbury, CA 07833",001-457-996-8696,wrodgers@example.com
33,"Bennett, Haynes and Lewis",Hospital,"345 Michael Neck Suite 385
North Davidport, NC 44769",(414)679-0098x4585,harrisanthony@example.com
34,Martinez Inc,Clinic,"Unit 8992 Box 0428
DPO AP 54290",001-234-790-9431,angelawilliams@example.com
35,Smith-Barnes,Hospital,"Unit 2155 Box 6542
DPO AA 54091",990-543-9776x807,rebeccagarcia@example.net
36,"Payne, Johnson and Decker",Hospital,"41985 Carl Dale Apt. 885
Lake Isaac, IA 76497",+1-824-844-9478x11193,erinmercado@example.org
37,Wolfe PLC,Clinic,"90127 Carmen Run
Brandonstad, MO 24612",360-639-8516,npeterson@example.net
38,"Ward, Harmon and Green",Doctor,"88501 Cox Vista Suite 260
New Rebecca, MO 07104",548-922-5691x345,robertsonbruce@example.com
39,Hardy-Kelley,Clinic,"08994 Charles Loop Suite 876
West Brandy, VT 84176",(808)254-3205x40655,kathleen08@example.net
40,"Robinson, Jones and Mason",Doctor,"Unit 4382 Box 5496
DPO AP 31580",314-216-2740x30873,nsherman@example.org
41,Bell-Pena,Clinic,"253 Stephen Villages Apt. 245
Brittneyhaven, OR 18559",001-587-674-4314x79962,vpacheco@example.net
42,Conley-Glenn,Doctor,"3147 Tiffany Crossing Suite 849
Luceroshire, NM 97269",226.490.3323x548,sydneyjohnson@example.net
43,"Sanchez, Hayden and Ruiz",Clinic,"10445 James Mews
Toddmouth, KY 43993",4616119316,ksmith@example.net
44,"Bryant, Lee and Rogers",Hospital,"3792 Golden Passage Apt. 223
Davidhaven, WV 10859",574.500.6570x73004,turnermatthew@example.com
45,"Kline, Smith and Mcgee",Hospital,"92845 Jessica Crescent Suite 034
New Brittany, PW 74346",001-919-473-3210x322,woodardgeorge@example.com
46,"Garcia, Carr and Hayes",Doctor,"PSC 3897, Box 9437
APO AE 27162",979.863.3662,emartinez@example.net
47,Allen Inc,Clinic,"98015 Norris Locks Suite 605
Catherineborough, WV 17106",483-560-3270,jade00@example.org
48,"Holmes, Thompson and Alvarez",Doctor,"900 Christina Union Apt. 201
Williamsland, PA 59929",+1-828-781-6990,taylorwarner@example.com
49,Castaneda LLC,Hospital,"0824 Boyle Landing Suite 437
Lake Samuelside, IN 60073",001-827-760-2148x61857,davidrollins@example.com
50,Jackson-Johnson,Hospital,"2820 Rachel Stream Suite 451
New Amberport, FM 89299",932.233.3887,carpenterluke@example.org
51,Henderson and Sons,Clinic,"044 Gonzalez Landing Apt. 129
Port Christina, GU 90424",437.557.4137x77779,william33@example.com
52,"Edwards, Mann and Combs",Clinic,"8855 Ochoa Field Apt. 222
Ericamouth, AL 93115",(389)260-3537x2659,mitchell72@example.org
53,Baker-Herman,Hospital,"77444 Thomas Locks
Crawfordfort, OK 41502",3346772515,melindaday@example.net
54,Knox-Oconnor,Hospital,"18831 Matthew Orchard Suite 545
Morrisonbury, VA 46043",+1-827-750-7924x4961,mvargas@example.net
55,Singh Ltd,Doctor,"11285 Brandy Gardens
New Stephen, NM 84625",(947)265-9741,peckmary@example.com
56,Knight-Brown,Doctor,"14721 Chad Plains Suite 867
Lake Carrie, KS 85424",+1-424-337-9690,whitney81@example.com
57,"Terrell, Richardson and Harper",Clinic,"53759 Moody Branch Apt. 653
West Karen, NV 80092",928.577.6149,matthew86@example.org
58,Flowers LLC,Doctor,"55132 Wilson Parks Suite 109
West Jamieshire, VI 59195",(667)527-8461,pturner@example.net
59,"Cook, Perez and Jones",Doctor,"134 Adam Mountains Apt. 796
North Mark, IA 27168",(679)960-5232x68296,luiscarroll@example.org
60,"Anderson, Elliott and Erickson",Hospital,"528 Jesse Greens Suite 647
Sandovalland, MH 16306",730-383-7448,lisalee@example.org
61,"Pearson, Norris and Lara",Hospital,"05409 Hall Shoal Apt. 218
Orozcostad, MH 40582",297.387.5075,ronaldwright@example.org
62,Boone-Jackson,Hospital,"73668 Angela Parks
Natalieburgh, IA 10159",(234)287-1942x46910,justin18@example.net
63,Herrera Group,Doctor,"0026 Melvin Keys
South Tannerville, UT 72319",409-309-9360x02516,sandrasmith@example.org
64,"Boyd, Lee and Thomas",Doctor,"74706 Spencer Park Apt. 822
New Aaronfurt, DC 84412",001-562-233-8037x9627,evanscarlos@example.org
65,Peterson Inc,Doctor,"PSC 2186, Box 4541
APO AA 23598",(291)310-4248x6929,xlarsen@example.org
66,Baker Group,Clinic,"0471 Kristy Underpass Apt. 263
North Deborahport, NC 89908",733.767.1308x393,kaitlyntravis@example.com
67,Hamilton Ltd,Hospital,"USCGC Willis
FPO AE 40554",001-592-863-2189x924,mary59@example.net
68,Snyder and Sons,Doctor,"466 Nichole Fords
Margaretberg, RI 85834",578-453-7090,hjohnson@example.com
69,"Sanchez, Ballard and Curtis",Doctor,"14027 Mendoza Unions
East Megan, PR 22528",001-543-867-7471x721,rachelburke@example.org
70,Hernandez-Cook,Clinic,"83829 Jessica Valleys Apt. 586
Port Deanview, MH 50892",958.449.6593x82907,foxjerry@example.org
71,Diaz and Sons,Hospital,"307 Wagner Prairie Suite 618
Stewartchester, WI 79166",(561)348-1903,millerbrendan@example.net
72,Peters Inc,Clinic,"5764 Casey Fords Suite 131
South Jenniferview, ND 54393",432.346.5897x21236,gsmith@example.com
73,Padilla-Adkins,Clinic,"55398 Brown Street
South Joseph, GU 96695",(656)999-3584x709,christopherrobinson@example.com
74,"Hill, Walker and Perry",Hospital,"98744 Freeman Summit Apt. 446
New Amandabury, CA 53568",+1-529-456-8493x85748,hodgejeffery@example.net
75,"Guerra, Bradley and Cameron",Doctor,"32903 Watson Port Suite 200
Barberbury, VT 67973",001-286-227-5791x05826,ruizamy@example.com
76,James-Lowe,Clinic,"Unit 6254 Box 5912
DPO AE 98498",001-974-277-2321x747,jonathan10@example.com
77,Huang-Sweeney,Hospital,"887 Johnson Pine
West Stevenshire, MO 50863",4917621314,jbaker@example.com
78,Dawson-Flores,Doctor,"44147 Davis Crescent
Smithshire, AS 29244",704-625-5900x59405,victor14@example.com
79,"Spencer, Byrd and Patel",Doctor,"0806 Gonzalez Roads Apt. 913
Hicksville, OK 90063",377-433-7695,kennethduran@example.com
80,Wallace Inc,Doctor,"0746 Bethany Burgs Apt. 996
Louisbury, CA 98742",9232328721,bernardhall@example.net
81,Farrell-Cooper,Doctor,"27658 Collins Drive Apt. 928
Fordland, AZ 48220",+1-701-920-6878,xsantos@example.com
82,Ray-Moreno,Hospital,"187 Wallace Key
West Ryanbury, AS 66594",(523)644-3471,michael48@example.net
83,Tran Ltd,Doctor,"06719 Rodgers Port
Jasonview, MH 66129",(651)656-7000x30824,angelachan@example.com
84,Hampton-Dawson,Clinic,"70697 Timothy Center
Larryview, NV 32380",001-878-390-9023,lauren88@example.org
85,Koch LLC,Doctor,"75308 Norris Skyway
Kennethstad, GU 71596",+1-816-949-3865x258,xdominguez@example.net
86,Shea LLC,Hospital,"976 Daniel Ferry Suite 541
West Feliciatown, AR 82379",493-877-7772x5589,edonaldson@example.net
87,Mcconnell LLC,Hospital,"14661 Suarez Fords
Amandaville, NM 87262",001-754-435-6515x759,brittanybarnett@example.com
88,"Pollard, Mahoney and Brennan",Doctor,"PSC 5192, Box 3382
APO AA 40504",001-377-331-7466,ybonilla@example.org
89,"Moody, Adams and Daniel",Doctor,"968 Coffey Ford Apt. 513
Masseyville, MO 11214",768-918-9358,newmanjillian@example.org
90,"Mitchell, Brooks and Shelton",Doctor,"28222 Melissa Spring Suite 499
Goodwinberg, NH 07687",(918)786-2298,rjones@example.org
91,"Ward, Jacobs and Shah",Clinic,"383 Martin Springs Suite 213
Cruzside, VA 93615",+1-691-595-0011,ttaylor@example.com
92,"Thompson, Lopez and Jimenez",Hospital,"49983 Ramos Squares
Jonathanfurt, TN 92330",(611)991-7215,eatonsara@example.org
93,Brown-Meza,Hospital,"656 Nicholas Summit Apt. 844
Knighttown, AZ 02832",268-566-5591,jessicamartin@example.org
94,Horn-Johnson,Hospital,"3354 Christy Way Apt. 378
Hartmanland, NC 65129",933.958.9577x20597,laurenwebb@example.com
95,Torres LLC,Hospital,"2330 Amanda Prairie Apt. 607
New Amy, OR 76973",001-835-867-4645x35557,jody25@example.net
96,"Monroe, Davis and Santos",Hospital,"9082 James Falls
Mcneilside, ME 25275",610-266-0535,eadams@example.net
97,"Roman, Carlson and Farmer",Doctor,"697 Zamora Gateway
South Kellyport, VI 08557",(799)654-7629x9818,james38@example.com
98,Murphy-Mcdonald,Doctor,"70442 Morse View Apt. 290
Juanmouth, AS 34254",(230)698-8643,kevin44@example.net
99,Lewis-Morales,Doctor,"231 Gutierrez Stream Suite 872
North Donald, TN 71319",001-587-325-2249x705,shawn57@example.org
100,White-Ross,Doctor,"709 Denise Mountain Suite 719
Williamstown, DE 21788",6555277454,scottphelps@example.com
101,"Benson, Davis and Ortiz",Doctor,"3540 Davis Dale
Leontown, ND 91163",001-312-898-3332x3332,drakewayne@example.org
102,Love-Nelson,Doctor,"69022 Ricky Ford Suite 514
Dyerville, GA 08341",+1-363-795-0550x864,johnsonmonica@example.com
103,"Burch, Esparza and Brewer",Clinic,"53729 Andrew Spring
Lake Teresa, ND 15538",(552)663-3729x52339,edunn@example.net
104,Cole-Cooper,Hospital,"58813 Hernandez Stream
Bellville, WV 99427",001-473-598-6701x27213,millerderrick@example.net
105,Smith-Hall,Doctor,"6120 Michael Camp
Lake Samantha, MS 86777",+1-419-256-9061x106,jmoreno@example.com
106,Hinton Group,Hospital,"891 Alvarez Turnpike Suite 358
West Wesleyside, AK 82862",+1-970-981-9860x0352,terri36@example.org
107,"Deleon, Mitchell and Silva",Doctor,"7971 Claire Burgs
Robertview, NC 88684",831.912.0605x7393,william52@example.net
108,Ponce-Garcia,Hospital,"00304 Thomas Mews Apt. 866
Walkertown, WY 35554",+1-387-289-8839x1388,amandaterrell@example.org
109,Bell-Russell,Hospital,"794 Smith Hill Apt. 934
Port Kelseyside, TX 14690",823-497-4728x3372,ysoto@example.org
110,Brown Ltd,Hospital,"8932 Susan Lodge
West Jennifershire, IA 11494",896.952.7823,nathansullivan@example.com
111,Arnold and Sons,Doctor,"650 Cummings Summit
North Lauriebury, AL 94830",467-857-9242x474,bennettnatalie@example.com
112,"Davis, Nichols and Hutchinson",Doctor,"28047 Castaneda Greens Suite 334
East Amberville, WV 40245",916-783-8128x817,amanda57@example.net
113,Richardson-Alvarez,Clinic,"37803 John Circle
Carolynhaven, TN 88702",+1-739-720-8529x33089,barryashley@example.net
114,Castillo Inc,Doctor,"149 Ana Shoals
Simonview, FM 58072",001-949-739-3229x14976,georgesophia@example.com
115,Webb-Rogers,Doctor,"180 Smith Stravenue
Michaelville, GU 99632",(322)339-8435x651,elizabeth50@example.net
116,Serrano-Thomas,Doctor,"0297 Catherine Tunnel
Port Meghanton, NM 58597",753-722-1676x2690,barbararamirez@example.com
117,Booker-Lee,Doctor,"1332 Sullivan Ports Apt. 635
Markmouth, PW 96261",671.789.0268x84687,mcdonaldjose@example.net
118,"Willis, Paul and Moss",Clinic,"147 Christine Point Apt. 595
West Charlotte, FL 42648",+1-246-540-8765x2572,greenepamela@example.org
119,Olsen-Hutchinson,Hospital,"3858 Fox Meadows
East Amanda, OK 69073",+1-441-853-9997x961,kramsey@example.com
120,"Gonzalez, Golden and Baker",Doctor,"761 Betty Ridge Apt. 193
Mckinneyland, AZ 36291",(850)999-4063,stephendunn@example.net
121,Edwards LLC,Hospital,"86912 Brady Drive
Wilsonville, AK 20342",279-549-4089,hstevens@example.org
122,"Castillo, Dean and Bryant",Clinic,"667 Clark Ridge Suite 822
Port Mariahport, ND 95202",9367183811,fpotts@example.org
123,Baird-Russell,Doctor,"566 Gary Flats
Dawnbury, WA 39123",001-711-651-5947x791,toni82@example.net
124,Mullins LLC,Hospital,"195 Tonya Harbor
West Crystal, OR 28633",291-416-0662x961,josephfernandez@example.org
125,Jenkins Ltd,Doctor,"660 Peterson Point Suite 193
Emilyborough, DE 44686",634.655.9532,jamesconner@example.net
126,Peterson PLC,Clinic,"94158 Wright Street
Port Steven, WV 44061",+1-645-778-2656x380,patrickmcdowell@example.org
127,Jones-Anderson,Hospital,"13735 Adam Fall
Lake Justinhaven, AL 57570",+1-413-996-1928x3606,raymond41@example.net
128,"Meyer, Payne and Soto",Clinic,"9658 Brenda Views
Parrishmouth, MP 22733",719.845.3771x590,lauren70@example.com
129,"Frey, Walker and Bullock",Doctor,"26389 Pena Trafficway
Ralphview, MO 11522",(814)258-2834,wagnermatthew@example.com
130,Porter Group,Hospital,"PSC 4749, Box 3705
APO AP 84313",928.466.2499,gilbertcarter@example.org
131,Watson-Santos,Hospital,"072 Amanda Circles Suite 062
North Louis, AK 68961",908.555.1276,jonathan22@example.org
132,"Gould, Fleming and Wilson",Clinic,"846 Richard Flat Suite 741
Laurenport, AL 02049",954-956-9203,brianporter@example.net
133,Stephenson-Smith,Doctor,"PSC 3059, Box 6592
APO AA 92135",420-228-6996x417,stuartalexis@example.org
134,"Jackson, Horton and Bruce",Hospital,"3316 Jesse Corners Apt. 353
Katieborough, HI 99248",001-578-274-6907x722,qanderson@example.net
135,Mckinney Inc,Doctor,"PSC 8852, Box 4519
APO AA 62660",338.884.6029x03179,brandon13@example.net
136,"Manning, Campbell and Brooks",Clinic,"USNS Underwood
FPO AP 78308",488-500-7909,thenderson@example.net
137,Weber-Oliver,Doctor,"1487 Lutz Creek
Kellystad, NE 79000",+1-278-612-1132x428,shermankaren@example.net
138,Brock-Kennedy,Doctor,"696 Rebecca Orchard
Port Justinchester, CT 74349",313-603-5471x2170,aprilgamble@example.org
139,Porter-Livingston,Clinic,"8495 Ramirez Plains Apt. 845
Lake Joanmouth, CA 31404",(893)601-2541x8669,michael90@example.com
140,Crawford-Ramirez,Hospital,"8519 James Mountain
Nguyenview, NE 53735",257.939.1326,dmiller@example.org
141,Johnson and Sons,Hospital,"4889 James Crossroad
East Maryfurt, NC 58686",865-661-9907,birdsamantha@example.net
142,"Hurley, Martinez and Johnson",Hospital,"681 Cassandra Creek Suite 014
Aaronland, ME 85069",553.359.4992,victoria92@example.net
143,Miller LLC,Doctor,"9137 Amy Points
West Meganview, OR 15650",+1-477-689-1842,sheila37@example.net
144,King Group,Doctor,"3780 Mejia Rapid
South Christopher, PR 40306",001-892-473-5139x67022,amy46@example.net
145,"Carpenter, Ryan and Howe",Hospital,"933 Park Estate Suite 723
New Sylviastad, NC 08665",992-887-5204,robertreeves@example.org
146,King Inc,Hospital,"50246 George Place
Barnettville, VA 89658",001-204-962-6739x806,fromero@example.org
147,Carroll-Molina,Doctor,"71735 Jennifer Estate Apt. 472
Debbieville, KY 52190",+1-909-668-8592,elopez@example.net
148,Campbell and Sons,Hospital,"21862 Thomas Vista Apt. 333
East Jeff, PA 65837",428-996-9006x0890,zowens@example.net
149,Schroeder-Sanchez,Doctor,"957 Ruiz Center
West Briannaton, VT 34600",(717)681-6859x10473,vwalsh@example.net
150,"Combs, Gonzales and Jordan",Clinic,"25013 Emily Ports
Heidiside, GA 82853",(373)293-4201,ophelps@example.net
151,Cox-Quinn,Doctor,"375 Zachary Court Suite 819
East Jordanland, NM 38134",7722283547,angelaglass@example.net
152,Duncan-Weber,Clinic,"7285 Davis Unions
Edwardsburgh, VT 56543",218.885.0806x4662,keithrichards@example.org
153,"Taylor, Sanders and Lewis",Doctor,"Unit 9511 Box 7531
DPO AP 08041",845.734.8683,huntmicheal@example.org
154,Bond Ltd,Hospital,"443 Daugherty Estate Suite 018
East Daniel, MA 50242",001-217-808-4013x1668,carl37@example.net
155,"Marquez, Adams and Hartman",Clinic,"38012 Carter Canyon Apt. 008
Alyssaland, TN 74352",374-619-3479x859,arobinson@example.net
156,Shelton Inc,Hospital,"7223 Kathryn Canyon
Seanchester, GU 29770",920-605-2013x708,jsimmons@example.org
157,Walters-Townsend,Hospital,"0520 Kelly Glen Apt. 503
North Catherinehaven, PR 01990",6146354982,bradleypalmer@example.com
158,Smith-Smith,Doctor,"4714 Mary Heights
East Joann, IA 20555",+1-547-207-4663x675,ephillips@example.org
159,Obrien-Parker,Clinic,"USCGC Smith
FPO AA 92787",(596)844-1533x15307,egarcia@example.com
160,"Smith, Nichols and Carson",Clinic,"310 Kim Ferry Apt. 683
Port Daniel, AL 16716",001-942-726-3690,katrina86@example.net
161,"Moore, Smith and Wood",Hospital,"67069 Rhodes Estate Suite 086
Cassandratown, DE 41369",+1-663-589-3630x669,kimberlygregory@example.com
162,King Inc,Hospital,"937 David Island Apt. 646
East Robertton, MD 84777",5986784944,aperez@example.com
163,Walker-Sanford,Clinic,"8849 Justin Pass Suite 799
Rachelfort, ME 08627",601.242.8104x9165,powelldiana@example.org
164,Hernandez and Sons,Hospital,"697 Jeffery Highway Apt. 573
East Angela, RI 98954",001-524-311-3876x03153,thughes@example.com
165,"Evans, Martinez and Hoover",Clinic,"699 James Station
West Mariemouth, MN 43902",001-845-686-9674x40937,alyssa51@example.org
166,"Nelson, Davis and Martin",Doctor,"0072 Dillon Courts
North Jennyfort, MN 98942",(810)548-1134x7159,lopezcraig@example.net
167,"Byrd, Buck and Pruitt",Clinic,"550 Diane Lodge
West Kimberlystad, MP 25239",319-482-6315x496,edwardmiller@example.org
168,Cunningham Group,Clinic,"6077 Johnson Street
Wrightport, VT 78466",+1-788-424-5546x68850,mcfarlandphillip@example.net
169,"Villa, Allen and White",Doctor,"7678 Luis Port
Gilesside, MD 33232",926.263.4141,bjordan@example.net
170,Wright Inc,Hospital,"Unit 8907 Box 2032
DPO AE 94173",725-406-2480x249,fkaiser@example.net
171,Delgado PLC,Hospital,"96795 David Mission Suite 385
Lake Nicholas, IA 01897",+1-708-994-0599x8538,kimberlymelendez@example.org
172,Smith-Oconnor,Hospital,"Unit 0077 Box 5435
DPO AP 49427",(607)571-3632,andrewshaw@example.net
173,Turner-Thomas,Hospital,"050 Alan Stravenue
West Michael, NC 55084",(706)234-4913,walkervanessa@example.com
174,"Pratt, Poole and White",Doctor,"9168 Lucero Tunnel Suite 731
New Charlotte, NC 78463",268.973.1967x74631,jim14@example.net
175,Mendoza Ltd,Doctor,"3959 Miguel Fields Apt. 772
Kaylaborough, NJ 28976",001-681-223-3762,donald74@example.org
176,Howell-Valdez,Hospital,"450 Yolanda Viaduct Suite 635
Nguyenton, SC 88991",(629)490-3178,meganperry@example.com
177,"Garcia, Campbell and Nelson",Hospital,"9530 Moses Neck
Martinezfort, OR 99041",419-816-8213x906,scottkiara@example.com
178,"Garcia, Nelson and Mercer",Clinic,"9672 Young Bridge
West Alexander, FM 13702",327-887-3695,xpollard@example.com
179,"Taylor, Owen and Alvarado",Doctor,"00895 Daniel Isle
Kellyborough, MP 55479",(461)783-8800x84544,riley52@example.net
180,"Leon, Rivera and Martinez",Hospital,"775 Caitlin Station Apt. 401
Lake Laura, CT 59476",991-424-3298x21887,beckygraham@example.net
181,"Cabrera, Wyatt and Tapia",Hospital,"5369 Rebecca Common Suite 943
Ruizton, UT 47486",(996)602-5829,holtdiane@example.org
182,Stephens-Williams,Doctor,"0885 Benjamin Ranch
Averyborough, OK 15247",(814)884-4390x248,christianblackwell@example.net
183,Cruz-Moore,Clinic,"756 Betty Highway Apt. 370
Thompsonmouth, AR 67579",001-787-853-2709,willisdenise@example.com
184,Richards Group,Clinic,"501 King Field
Huntermouth, WY 54322",9572628942,diane72@example.net
185,Turner-Lowe,Doctor,"7457 Chavez Plaza
Wardborough, TX 51540",793.455.8398x1662,rblackwell@example.com
186,"Patel, Torres and Copeland",Hospital,"9564 Williams Courts Suite 257
West Michealstad, KY 06574",+1-401-815-1961x96470,mcdowellwalter@example.org
187,"Gonzalez, Hernandez and Moss",Clinic,"963 Amber Centers
Jackmouth, WV 13454",+1-202-475-7468x346,mburns@example.com
188,"Snow, Carr and Reid",Doctor,"4078 Dyer Hill
Stoutshire, NJ 57606",733-675-1342,staceybrown@example.org
189,"Sandoval, Perez and Wilson",Doctor,"54467 Riley View
Lake Cynthiaberg, IA 68232",+1-678-208-7318,scarrillo@example.org
190,Morales Group,Doctor,"14656 Traci Pines
Chelseafort, NC 43690",377.880.4959x459,pwaller@example.net
191,Martinez-Nash,Clinic,"9705 James Route
Brandontown, VA 00949",517-945-2852x53688,ginabarajas@example.net
192,Barnett LLC,Clinic,"83906 Jonathan Roads Apt. 199
Rhodesfurt, ME 73503",(518)803-8435,ronald59@example.com
193,Nelson PLC,Doctor,"6164 Brittany Place Suite 865
Morganfurt, OR 23596",001-680-924-2873x0011,tchristian@example.com
194,"Hardy, Schmidt and Hernandez",Hospital,"186 Jesse Avenue Suite 051
Shanemouth, WA 46312",(749)309-4544x57294,markscott@example.net
195,Kemp-Bowers,Doctor,"3892 Jensen Turnpike
New Karenmouth, MS 33599",+1-385-695-4724x233,pclark@example.net
196,Martinez Ltd,Hospital,"727 Jon Prairie
South Jeffreyhaven, NV 48893",(991)918-6320x9556,mary07@example.com
197,"Lawson, Jones and Peterson",Hospital,"465 Costa Harbor
North Randyport, TX 11344",801-296-9375,weavercourtney@example.net
198,Stafford PLC,Doctor,"91462 Bautista Pass
West Jorgeland, IL 56241",(920)542-4510,amy84@example.org
199,Pearson LLC,Hospital,"24160 David River Suite 769
Lake Danielle, DE 34666",001-653-588-2769,tmendez@example.org
200,Smith-Moore,Clinic,"PSC 9461, Box 5627
APO AE 70412",001-506-820-4545x521,bobbypittman@example.com
201,Brown Group,Hospital,"10833 James Garden
Jordanport, IN 31851",739.953.0020x353,michael08@example.org
202,Rivera Group,Clinic,"3855 Joyce Stravenue
New Yvonne, MA 64158",+1-875-453-4522,wanderson@example.org
203,Scott Ltd,Clinic,"Unit 4638 Box 2968
DPO AE 42218",229.975.5510,omorris@example.com
204,Silva PLC,Doctor,"46304 Richmond Stream Apt. 736
Kevintown, MI 19048",644-753-5185x87212,theresajimenez@example.com
205,"Johnson, Cruz and Page",Doctor,"5832 Beasley Mills
Terrellshire, CO 44326",(992)278-0490x944,hancockjeremy@example.net
206,Gray Inc,Clinic,"4456 Melissa Village
East Marcusfort, NJ 04745",920-678-8721x83134,douglashowell@example.net
207,"Clark, Thomas and Fischer",Doctor,"446 Cindy Groves Apt. 528
Lake Makaylaborough, NC 62494",+1-535-421-4901,dawsonjonathan@example.net
208,Stevens-Rodriguez,Doctor,"7662 Lamb Well Suite 351
New Pamela, AZ 02594",001-946-969-1685x35128,wilsonlisa@example.net
209,Moore-Kirby,Doctor,"9490 Luna Knoll Suite 695
North Eric, AZ 95038",+1-284-816-2731,sanchezjacqueline@example.net
210,Lyons Inc,Hospital,"554 Michelle Brooks Suite 096
Spencerfurt, PA 62871",(612)941-5895,dhicks@example.net
211,Thompson LLC,Hospital,"22361 Flores Viaduct Suite 287
Lake Kelly, ID 66267",+1-406-381-5990,ysmith@example.net
212,Marquez-Fernandez,Hospital,"449 Jeffrey Turnpike
New Amy, HI 25058",(565)786-3509x41580,hbaker@example.net
213,"Morgan, Boyer and Gomez",Clinic,"1556 Timothy Station
South Aarontown, OK 93279",+1-401-852-6286x4944,lthompson@example.net
214,Williams-Bell,Hospital,"467 Emily Ridge
Douglasbury, AL 18013",248-334-2497,echavez@example.net
215,Morgan Ltd,Clinic,"73109 Chris Cape
Humphreymouth, MD 96711",780.558.6672x2910,ifuller@example.org
216,Francis and Sons,Clinic,"392 Ronald Isle Suite 026
Matthewstad, KY 41774",(615)514-9543,russellhammond@example.net
217,Cook PLC,Doctor,"7325 Rivers Rapid
North Amy, NE 92300",+1-909-974-6632x21278,gutierrezsarah@example.org
218,Jackson Group,Hospital,"413 Shawn Keys
East Willieshire, UT 52061",(971)734-7541x2449,gonzalezdeanna@example.org
219,Hall Group,Hospital,"062 Morgan Club
Wayneburgh, MP 73939",+1-761-297-9247,christopher43@example.net
220,Evans Inc,Doctor,"1555 Molly Street
Frankside, ID 29506",342-785-6619,hberry@example.org
221,"Hawkins, Martinez and Preston",Clinic,"49729 Jennifer Lock
New Marie, SD 69903",613.474.4305,jacoblarsen@example.org
222,Johnson Ltd,Doctor,"981 Randall Mews
Kentland, NM 06011",(803)362-4060x401,johnallen@example.com
223,"Summers, Wells and Decker",Doctor,"7901 Blanchard Haven Apt. 179
Port Patricia, KY 34202",001-618-969-7253,robert87@example.org
224,"Hernandez, Oconnell and Vaughan",Clinic,"43995 Cooper Shores Suite 225
Brownchester, OR 64934",(813)976-2215,stevenhopkins@example.com
225,Johnson-Jones,Hospital,"529 Matthew Brooks
North Amanda, DE 63596",753-445-5769,courtneydean@example.net
226,Swanson-Williams,Clinic,"2301 Elaine Walk Apt. 307
Christinashire, MD 79567",855.537.9309,taylorbenjamin@example.com
227,Gibbs-Matthews,Clinic,"38516 Leah Pine
North Alexandrachester, SC 11537",(562)840-2314,james15@example.org
228,"Delgado, Stokes and Gutierrez",Hospital,"721 Jones Shores Apt. 117
Perezhaven, OH 22971",(369)987-0937,stevensjames@example.net
229,Mason Group,Clinic,"761 Rodney Dale Suite 938
Matthewborough, KS 47576",001-898-496-4901x4328,eric54@example.net
230,"Banks, Cox and Peters",Clinic,"008 Vanessa Mount Apt. 220
Lake Jonathanhaven, WA 17904",001-855-696-9240x2295,johnsondaniel@example.com
231,Greer-Evans,Clinic,"PSC 4072, Box 7551
APO AE 90764",4095346187,pmerritt@example.org
232,Taylor LLC,Clinic,"179 Beck Village Suite 191
Watsonville, MP 09410",997.872.1882x95627,andersonjasmine@example.com
233,"Phillips, Ferguson and Wilkins",Hospital,"94102 Mendez Stravenue
Michaelchester, MP 65402",940-578-1851x38495,greenfrank@example.net
234,Lopez-Taylor,Clinic,"7005 Sean Summit Apt. 991
Shermanfort, ND 51856",778.544.9422x65131,williammejia@example.com
235,Arnold PLC,Hospital,"23311 Deborah Skyway Apt. 118
Matthewhaven, TX 58777",295-872-8203x21992,debra40@example.net
236,Flores-Miller,Doctor,"4355 Hudson Well
North Matthewtown, MI 74637",328.934.5017x461,alexandersantana@example.org
237,Colon-Landry,Hospital,"974 Debra Street
Wardfort, PA 52175",(841)861-4349x710,stevenskenneth@example.com
238,"Anderson, Aguilar and Santiago",Hospital,"Unit 1697 Box 3204
DPO AA 96587",276.738.5759x857,brittanycooper@example.net
239,"Zimmerman, Gould and Price",Hospital,"364 Briana Track
Port Julie, NV 38557",+1-314-572-6197,howardstephanie@example.org
240,"Reynolds, Martinez and Lee",Clinic,"9619 Allen Villages
New Johnside, MT 41559",001-774-660-7253x203,icox@example.net
241,Wheeler-Golden,Clinic,"PSC 2099, Box 0609
APO AE 76221",(236)653-1732x2394,lgonzalez@example.net
242,Ballard-Smith,Doctor,"158 Joseph Square Apt. 183
Nicholsstad, GA 10930",(409)698-8533x933,bakerricardo@example.net
243,Watkins Group,Hospital,"1055 Henry Village Apt. 759
Port Jamesfurt, NH 23607",+1-852-321-0065x943,chall@example.net
244,"Hodges, Oconnor and Joseph",Hospital,"01184 Li Harbors
North Hunter, ME 32128",7144540946,jbrock@example.com
245,"Castro, Jordan and Richards",Clinic,"681 Campbell Turnpike Apt. 031
South Roberttown, ME 57169",676.420.0856x88681,gary46@example.net
246,Phillips-Gordon,Hospital,"03386 Martinez Points
Richardstad, VA 62933",932-221-1711x5410,jacksonkristi@example.net
247,Andrews-Howell,Doctor,"Unit 4854 Box 4250
DPO AE 34180",401-892-4095x7495,dschmidt@example.net
248,Green-Porter,Hospital,"55900 Lopez Radial
Seanland, MT 65461",6563780367,stephen85@example.com
249,Cruz-Meyer,Hospital,"43353 Brian Unions
Martinside, IN 79763",7566411389,rbarry@example.net
250,"Johnson, Woodard and Hawkins",Doctor,"50420 Sanchez Village Suite 075
Port Lisafort, WV 24739",861-395-9686x470,ortizamanda@example.net
251,Adams-Hanson,Hospital,"88918 Stephanie Villages
Port Chloeburgh, AL 93980",001-557-592-6785x2182,jessicaherrera@example.net
252,Cruz Ltd,Doctor,"1952 Glenn Brooks
Wrightchester, VI 34562",489.470.5600x02677,michaelanderson@example.org
253,Townsend-Robinson,Clinic,"4818 Aaron Flats
New Victoriaton, PA 89107",001-328-438-4184x3158,rachel24@example.org
254,"Chan, Carter and King",Clinic,"598 Lisa Gateway
Justinfort, NH 18754",001-234-574-2425x12489,hoodjames@example.org
255,Wheeler-Woodard,Clinic,"6776 Barton Meadows
Port Joseside, MI 55626",712.394.6489x6527,jonespamela@example.org
256,Wilcox-Flores,Doctor,"USCGC Ray
FPO AP 32039",(430)250-8090x42778,michael59@example.net
257,"Jackson, Chapman and Romero",Hospital,"2471 Garcia Gateway
Richardsonfurt, ID 58051",822.415.7818,barronjesse@example.com
258,"Cooper, Wood and Ramos",Clinic,"90755 Charles Flats
Shannonburgh, LA 63333",001-204-798-0764x63551,johngonzalez@example.net
259,Allen Ltd,Doctor,"9172 Nelson Knolls Suite 373
North Sydney, WV 72125",(976)765-9094,brian74@example.net
260,Flowers Inc,Doctor,"27552 Contreras Crossroad
West Elizabethchester, OH 99275",387.885.5462,danielhudson@example.com
261,"Pennington, Porter and Torres",Doctor,"Unit 7391 Box 0564
DPO AE 40514",250-459-4158x3737,aaron37@example.net
262,"Robertson, Washington and Lewis",Clinic,"660 Bowman Ports Suite 190
North Jenniferfurt, IA 47777",324-681-4619x8922,allenkevin@example.org
263,Wilson-Arnold,Doctor,"16832 John Radial Apt. 423
South Anthony, ND 31730",449-443-7819,william73@example.org
264,Francis-Martin,Doctor,"0611 Regina Forge
Madisontown, MS 76767",469-322-5744,katrina48@example.net
265,Erickson Ltd,Hospital,"00008 Daniel Stravenue
South James, MA 13145",001-862-959-7534x430,ucherry@example.net
266,Lopez Ltd,Clinic,"7331 Neal Squares
Jacksonview, IN 53787",420.568.5133x27349,mhowell@example.org
267,Navarro Inc,Hospital,"2984 Mary Knoll Apt. 852
Penamouth, AK 65625",001-402-378-4019,qmiller@example.org
268,Johnson-Le,Hospital,"71314 Reginald Manors Apt. 251
Reynoldsburgh, TX 49927",651-426-3596,youngkaren@example.net
269,Vincent-Bentley,Doctor,"Unit 9253 Box 8047
DPO AE 21142",001-236-334-1130x88499,matthewclarke@example.com
270,Allen Group,Clinic,"881 Lawson Crest Suite 574
Collinsland, VI 55995",001-841-983-9797x68209,wilkersonclifford@example.com
271,Dorsey Inc,Doctor,"3319 Williams Port
Kempfurt, OH 84291",920.626.4142,melissa64@example.net
272,Hale-Gonzalez,Clinic,"1865 Joyce Corner Apt. 952
East Jackland, NC 17460",760.876.8380,moorederrick@example.net
273,Walker-Martin,Clinic,"6872 Daniel Port Suite 164
Waynemouth, CT 78886",001-786-515-8164,william67@example.com
274,Roy-Moreno,Hospital,"8065 Mary Freeway Suite 704
Vanessabury, LA 08463",001-873-410-7312x1681,smithdaniel@example.net
275,"Rogers, Wilson and Hall",Clinic,"Unit 8082 Box 0989
DPO AE 81435",(517)629-0681,ashley67@example.org
276,Brown-Rivera,Clinic,"473 Hodge Way Suite 977
Ericland, FM 63614",+1-840-962-0534x16122,robert12@example.com
277,Phelps Group,Hospital,"25611 Antonio Divide Suite 049
South Mark, ME 04046",(684)531-5950,amber97@example.org
278,"Ward, Meadows and White",Clinic,"29500 Connie Mount
Carlsonfurt, MI 20517",241.307.4750,xkelly@example.net
279,Hawkins-Cole,Clinic,"660 Schwartz Underpass
Trujillostad, OK 60667",788-342-9857,xriddle@example.com
280,Thompson Inc,Clinic,"76317 White Rapid Apt. 898
North Barbaraborough, MS 48938",+1-531-426-3298x0278,robertlong@example.com
281,Branch-Davis,Hospital,"84282 Luna Key Suite 362
Singhmouth, MI 97955",+1-632-348-9987x31653,qcox@example.com
282,Murphy-Mayer,Clinic,"146 Roberson Forges
South Christopherport, MP 65850",(959)457-4964,mcconnelltanner@example.net
283,Rivera-Brown,Hospital,"974 Jamie Shores
East Nathanfurt, OK 41467",(418)397-9016,paynegary@example.org
284,"Moses, Swanson and Rodriguez",Clinic,"752 Stewart Fall Suite 715
East Alyssa, SC 26254",366-482-3476x38666,jonathan85@example.net
285,Johnson-Herrera,Clinic,"657 Michelle Cliffs
New David, MI 81106",001-987-683-1482,sullivandouglas@example.net
286,"Ho, Simpson and Myers",Clinic,"44201 Jones Junctions
West Bryanborough, KY 84911",223.743.7952x569,tiffany56@example.com
287,"Barnes, Jones and Ruiz",Hospital,"645 York Square
East Melissa, VI 61306",402.562.6673,mitchell60@example.org
288,"Bass, Dodson and Gonzalez",Hospital,"805 Nathan Islands
Clarkville, IN 05293",480.954.2389,sarahkelly@example.org
289,"Melton, Taylor and Barrett",Hospital,"PSC 6656, Box 2235
APO AE 55292",001-468-347-4343x26490,johnsonbryan@example.com
290,Vargas-Moore,Clinic,"USS Fowler
FPO AA 56679",001-278-510-6042x89262,andrew19@example.net
291,"Rodriguez, Cameron and Kelley",Clinic,"2792 Rachel Summit
East Todd, AL 50291",981-497-2464,matthewperkins@example.com
292,"Russell, Day and Hunt",Hospital,"521 Kayla Keys
New Charlesfurt, NJ 77768",643-598-5126,kelseyholder@example.com
293,Irwin Ltd,Hospital,"7868 Gentry Square Suite 959
New Christophermouth, TX 16622",(590)979-9303x48205,ngibson@example.net
294,"Garcia, Dickson and Fernandez",Hospital,"8208 Brown Garden Suite 216
North Dustin, RI 79250",314.859.7114x5218,eric35@example.com
295,Villa-Nunez,Hospital,"Unit 8911 Box 7426
DPO AA 25812",(304)484-1935,calebhuber@example.org
296,Lyons-Brown,Hospital,"333 Karen Pines
Port Amanda, WI 56526",001-269-987-3986x63305,vincent83@example.net
297,Burke LLC,Doctor,"60926 Scott Extension Suite 216
Susanbury, IN 12744",6522679575,zhart@example.net
298,Stone-Lopez,Hospital,"9153 Joanne Rest
Port Kimberly, CA 74583",(343)394-9491x72621,bookeradriana@example.net
299,Williams-Nguyen,Hospital,"897 Cody Avenue
Michaelfurt, SD 42012",001-819-794-9405,hford@example.com
300,Wells-Johnson,Clinic,"9584 Mccarty River
Whiteview, MI 03019",(824)802-4147,jeremyhall@example.com
301,Howard-Mcclain,Hospital,"159 Wilson Estates
Ambermouth, WY 28192",270-436-8302x164,kirksandra@example.org
302,"Butler, Franklin and Sanchez",Doctor,"286 Lisa Hill Apt. 896
South Douglasburgh, FM 16307",001-445-772-7612x965,cassandracummings@example.org
303,"Taylor, Jimenez and Martin",Clinic,"3857 Ellis Crescent Apt. 988
Benjaminbury, AZ 73818",323.507.9181x21098,thomaskimberly@example.org
304,"Wade, Sherman and Rivera",Doctor,"4096 Bruce Glens Apt. 254
Lake Andrew, MN 56287",867.604.7150x598,santosangie@example.org
305,Willis-Hart,Clinic,"88034 Tiffany Shores Apt. 306
Martinezland, MP 83077",731.551.3743,sandovalkristine@example.org
306,"Hoffman, Park and Patrick",Hospital,"PSC 2896, Box 5230
APO AA 87008",+1-309-890-5959x890,lowealexander@example.com
307,Rose-Castillo,Hospital,"Unit 7600 Box 3886
DPO AP 26910",408-524-0953x841,sherri96@example.org
308,Massey and Sons,Doctor,"521 Dennis Pines
Marciaside, WY 18785",(268)507-6436x66698,pmarks@example.com
309,Crosby Ltd,Hospital,"360 Johnson Hill
Marystad, SD 93286",433.897.7863,gomezdonna@example.com
310,Jones and Sons,Hospital,"PSC 3923, Box 4292
APO AP 15746",001-240-993-5980,myersnichole@example.net
311,Myers PLC,Clinic,"6368 Angela Route Suite 533
Jessicaland, MS 32406",001-634-978-8013x55695,karenpierce@example.com
312,Johnston-Dean,Doctor,"7695 Scott Mission Apt. 723
South Monicaside, SC 55105",439-540-8928,stevensonsherry@example.com
313,"Lowe, Nash and Smith",Doctor,"579 David Mountain
Jessicaville, OR 60548",(410)839-4480x82136,thomasmurray@example.org
314,Rodriguez and Sons,Clinic,"909 Fleming Fall Suite 687
New Brian, AR 92497",364-494-5825x694,cvasquez@example.com
315,Mitchell-Villanueva,Doctor,"949 Benjamin Way Suite 083
Shanemouth, AK 14144",924.802.4661,johnsonelizabeth@example.org
316,Daniel LLC,Doctor,"32100 Brenda Turnpike
Griffinside, WA 80863",(518)627-8806,mileshector@example.org
317,Jones PLC,Clinic,"4069 Mora Station Suite 652
South Cassandrafort, NJ 58458",863-870-8269x7313,imendoza@example.org
318,Harrington Group,Clinic,"1915 Tommy Isle Apt. 940
Port Katherineborough, NY 83455",001-240-961-2819x6534,margarettaylor@example.net
319,Moore-Richard,Clinic,"758 Dominguez Circle
South Regina, SC 90673",891-410-0360x805,xshaw@example.com
320,"Barnes, Jones and Obrien",Doctor,"2069 Wesley Mountain
West Brianna, PA 20415",(468)446-7181x690,zcantu@example.net
321,Murphy LLC,Hospital,"54977 Joshua Street
West William, TX 39192",(988)621-6649x552,deantonya@example.net
322,Johnson LLC,Hospital,"449 Hanson Flats Suite 180
South Hannah, AL 21037",894.704.0560x408,shirley75@example.net
323,"Dickson, Martinez and Lee",Doctor,"318 Meadows Canyon Suite 023
Philipbury, NY 02825",991-334-4363x8596,younggary@example.net
324,Mckenzie-Newton,Clinic,"7275 Fisher Landing Suite 988
West Michelle, TN 65957",513-261-0350x797,wpatterson@example.org
325,Adams-Sloan,Hospital,"USNS Brown
FPO AA 30643",528.944.0152,romerokimberly@example.org
326,"King, Cole and Johnson",Clinic,"035 Strickland Shore Apt. 645
New Jasonside, AK 27178",+1-652-456-1175x1568,tammy95@example.com
327,Sutton-Conner,Hospital,"8004 Sue Avenue
South Taylorport, AL 24816",001-774-450-1889x2041,pruittmichael@example.net
328,Brown-Mason,Hospital,"0519 Christina Unions Apt. 170
East Joseph, MA 91296",255.585.5346,summer43@example.net
329,Martin-Richard,Doctor,"7616 Phillips Plain Apt. 605
Yvetteville, CA 93323",(405)513-5639,cannonrichard@example.net
330,Bowers-Fuller,Hospital,"5083 Dyer Isle
Anthonyfurt, VA 05977",001-386-838-1540x6630,johnsonderek@example.org
331,Washington-Davis,Doctor,"019 Smith Mews
East Amandabury, TN 72860",001-367-551-5231x89902,barnettdaniel@example.com
332,Thompson PLC,Clinic,"2158 Shaw Meadow Apt. 646
West Nicholasborough, HI 97499",(496)589-8658,andreagregory@example.com
333,Burns-Miller,Hospital,"5271 Bell Port Suite 306
Flowersland, DC 20814",(253)583-6760x5970,craigphillips@example.com
334,Howard-Burnett,Hospital,"5338 Elizabeth Forest Suite 145
Lopezchester, OK 93785",+1-213-720-9686x86244,silvamelissa@example.org
335,Hale LLC,Hospital,"482 Luke Mission
West Bryan, NV 51875",001-874-561-7548x6145,marypearson@example.net
336,"Parks, Jones and Peterson",Hospital,"3865 Laurie Junctions Suite 399
West Alexa, WI 71065",528-640-9010x005,coxstephanie@example.org
337,Murphy-Lopez,Doctor,"4005 Vega Estate Suite 753
East Meganville, PW 77048",001-734-484-6232,taylor86@example.net
338,Sloan-Kelley,Hospital,"21305 Grant Park
Taylorberg, WY 27389",+1-600-466-5190x503,calebmartinez@example.org
339,Barrett-Martinez,Hospital,"149 Marsh Parkway Apt. 154
Sandraland, VT 28630",001-362-610-2062,bethanycruz@example.com
340,Wright Group,Hospital,"8147 Doyle Valley Suite 036
South Lisa, ME 62677",+1-886-532-5091x82725,charleswalton@example.com
341,Sullivan-Powers,Clinic,"2912 Teresa View Suite 055
Hillshire, MN 61634",001-697-497-9915x727,kking@example.com
342,"Martin, Marsh and Garcia",Doctor,"7789 Brown Hills Apt. 080
South John, KY 38743",530-661-3751x27297,nancynewman@example.net
343,Sanchez-Hall,Doctor,"413 Santana Cape Apt. 388
Vaughntown, OH 42402",613-594-4718x7675,christopherbuck@example.net
344,Parsons Group,Doctor,"24352 Valerie Passage Suite 831
Jeffreymouth, AS 37730",+1-256-464-4171x462,leslieguerrero@example.com
345,Graham-Gutierrez,Doctor,"259 Jonathan Route Suite 199
New Kennethtown, NJ 79350",753.696.3914x0647,schultzdevin@example.com
346,Kim-Garcia,Doctor,"6019 Eric Via Suite 432
Lopezton, AS 24263",(558)685-4238,gcruz@example.com
347,"Hill, Ritter and Mclaughlin",Hospital,"907 Jenna Pike Suite 858
Port Jonathan, ID 33478",340-648-1515,shelleywu@example.net
348,Williams-Davis,Doctor,"06618 Allison Lights Apt. 623
South Lisa, NJ 98702",001-206-520-1228,cynthia34@example.com
349,"Taylor, Mcdonald and Greene",Clinic,"6520 Dana Prairie
Port James, IL 33133",001-587-937-8886x37788,yrodgers@example.net
350,Baker-Miller,Doctor,"2865 Jenkins Freeway
Hillfort, WV 44811",(679)531-3748,john48@example.com
351,"Lopez, Reid and Villegas",Hospital,"0650 Allen Summit
Simpsonchester, NE 64374",+1-549-208-5674x98035,pamelaanderson@example.org
352,"Melton, Brooks and Wiley",Doctor,"4353 Hogan Expressway Apt. 330
South Carolyn, WA 45241",001-879-849-8836x545,fwalker@example.org
353,Wise and Sons,Clinic,"41404 Bruce Throughway
Kingfort, KY 46376",(538)363-8052x425,jacqueline32@example.org
354,"Smith, Taylor and Guerra",Doctor,"3745 Gina Station Apt. 891
Lake Jamesland, ID 65037",984-708-3715x9406,christensenkristen@example.com
355,Jordan-Hansen,Doctor,"28375 Sara Neck
Richardton, MN 00675",312-489-1682,bmedina@example.org
356,Morris LLC,Doctor,"31729 Callahan Pine
East Terri, ID 63234",001-317-751-5632,tmiller@example.net
357,"Hall, Baker and Franco",Hospital,"303 Brittany Squares Apt. 352
Whiteport, MN 40819",622.950.0692x6203,edward33@example.net
358,Berger-Wang,Clinic,"8797 Lorraine Bridge
South Tiffany, VI 68822",(374)378-6003x51877,charleseverett@example.net
359,Bradley Ltd,Hospital,"39999 Tracy Tunnel Suite 232
West Douglas, MI 85922",598.781.8928,angela66@example.com
360,"Lee, Anderson and Brown",Hospital,"590 Sanchez Avenue
West Victorborough, ND 19710",+1-282-589-3889,meredith73@example.com
361,"Jackson, Boone and Campos",Doctor,"43951 Alyssa Mission
Davisberg, PW 04187",+1-535-641-7464x3218,cathy86@example.com
362,"Webster, Anderson and Blankenship",Clinic,"PSC 7220, Box 5852
APO AP 09142",501.484.9680x26275,jamesroberts@example.net
363,Hammond PLC,Clinic,"02566 Beasley Villages Suite 259
New Seth, TX 32895",666.249.3186,ericksonlaura@example.net
364,Nguyen-Brown,Clinic,"37190 Richards Mall Suite 947
Antonioside, OR 98444",852.828.0778,michaelbowman@example.net
365,King LLC,Hospital,"4965 Leblanc Field Suite 588
Jameshaven, TN 85320",(562)642-2821,charles53@example.com
366,Munoz-Stewart,Hospital,"PSC 4430, Box 5817
APO AE 74828",(268)345-6280x128,valenciaashley@example.org
367,Brooks-Cunningham,Clinic,"9582 Robert Ranch Suite 504
Johnsontown, IN 38927",001-578-310-0766x45137,tclark@example.com
368,Parks Inc,Clinic,"41969 Malone Bridge
Jonesbury, UT 11065",001-545-501-7859x3568,hernandezdanielle@example.org
369,Henderson Group,Clinic,"747 Mcintyre Pine Apt. 732
Ryanmouth, WA 63874",+1-389-220-2348x97563,thickman@example.net
370,"Calderon, Smith and Haynes",Doctor,"Unit 7864 Box 2482
DPO AP 62122",396.349.3468x2153,melissa68@example.com
371,"Tucker, Patterson and Evans",Hospital,"148 Ruiz Green Apt. 301
Robertsmouth, MT 41872",5579415240,tammy62@example.net
372,"Davis, Brown and Orozco",Hospital,"85129 Christine Gardens Apt. 943
Deniseport, NV 78068",001-253-814-0422x544,gyates@example.org
373,Shaffer Ltd,Doctor,"9411 Ellis Street Suite 512
South Jennifer, OK 57538",308-418-4063x6831,williamschristine@example.net
374,"Liu, Stone and Larson",Clinic,"2146 Scott Freeway Apt. 588
Krystalchester, PW 96676",+1-599-633-9604x4140,vwinters@example.org
375,Rich-Ryan,Hospital,"676 Christopher Lake
East Carrie, AL 79950",658.341.2120x9474,kchoi@example.org
376,Tyler Group,Clinic,"10892 Butler Mountain
Bryanmouth, MA 27224",(691)918-9133x87570,romerodouglas@example.com
377,"Singh, Romero and Ramirez",Clinic,"368 Benjamin Glen
New Lorettamouth, SC 49381",7479429715,ejohnson@example.com
378,Lynch Ltd,Clinic,"445 Klein Course Suite 544
Lake Justin, WI 68683",001-634-774-8114x6644,colinespinoza@example.com
379,Contreras PLC,Clinic,"699 Kidd Gateway
Port Sherrimouth, MO 21980",800.577.3652,rivasthomas@example.net
380,"Lopez, James and Reynolds",Hospital,"USCGC Thompson
FPO AP 36292",534.904.9090x05023,slopez@example.org
381,"Doyle, Gardner and Nguyen",Clinic,"12526 Carl Lakes
Phillipport, SC 65513",+1-606-539-8060x8786,jeanne76@example.org
382,"Gomez, Rogers and Armstrong",Doctor,"1052 Powell Spur Apt. 660
Vincentbury, UT 83504",+1-890-896-3037x663,icampos@example.com
383,Schroeder and Sons,Doctor,"USS Brown
FPO AA 59887",+1-884-331-2093x04959,christianrodriguez@example.net
384,Jacobs Ltd,Hospital,"0339 Brad Extensions
West Edward, NM 88039",813-893-6152,johnlucero@example.org
385,Park-Smith,Doctor,"1092 Wang Ramp
North Yvonneview, VA 77580",806-459-1549,angelapaul@example.org
386,"Jackson, Silva and Payne",Doctor,"48607 Rhodes Landing
Hudsonton, TX 46760",276.940.9652x87039,samantha19@example.net
387,Campbell-Ruiz,Clinic,"5125 Derrick Wells
Port Michael, NM 38121",871.210.7256x04651,amytodd@example.org
388,Aguilar-Anderson,Hospital,"18943 Mays Meadow Suite 765
Scottport, MT 91028",+1-314-511-7396x067,cunninghamamanda@example.org
389,"Clark, Lewis and Thomas",Clinic,"7550 Hanson Plaza Suite 264
Port James, KY 36198",326-696-2314,janderson@example.com
390,"Reyes, Garcia and Hoffman",Doctor,"1378 Richard Trafficway Suite 200
Phelpshaven, OH 05722",963.941.0652x9113,golsen@example.org
391,"Williams, Martin and Heath",Hospital,"9818 Copeland Turnpike
Mcintoshmouth, OK 04153",257-674-5871x6763,dperez@example.com
392,Allen-Miranda,Hospital,"45121 Oneal Village
East Courtneyburgh, ID 31811",+1-771-477-2926x4625,xgutierrez@example.net
393,Matthews-Harper,Doctor,"37406 Mcdaniel Village
Port Cassandra, SC 47668",230.958.4548x1440,michael70@example.com
394,Jenkins-Davis,Hospital,"927 Tyler Squares
Port Christopherport, VT 08295",+1-641-568-6451x78021,martinbarbara@example.org
395,Morrison and Sons,Doctor,"2145 Marcus Plains Suite 987
South Brycemouth, UT 95564",(214)516-5908x0050,angela95@example.net
396,Curtis LLC,Doctor,"653 Matthew Mills Apt. 093
West Josephburgh, AR 08566",001-881-984-2703x4753,johnjordan@example.net
397,"Maldonado, Gonzalez and Wilson",Hospital,"6257 Shelley Cape Apt. 114
Port Jenniferhaven, MD 24599",810.633.0507x539,teresafoley@example.org
398,"Peters, Graham and Morrison",Doctor,"979 Howell Plains Apt. 011
Paulton, MO 28826",(714)562-2295,heather42@example.net
399,Mathews-Wilson,Hospital,"PSC 7431, Box 7197
APO AA 04050",723.786.0962x1350,tmartinez@example.com
400,Lawrence Group,Doctor,"60777 Turner Flats Apt. 120
Dylanhaven, SD 72301",706-479-1881,martinjessica@example.org
401,White-Bentley,Doctor,"19630 Evelyn Road
Jeffersonton, MH 62599",959-468-5404x92194,gkemp@example.org
402,Hopkins-Wilson,Clinic,"2574 Andrea Streets Apt. 843
East Katherine, NJ 78139",4713280272,jameswalker@example.net
403,Fox-White,Doctor,"5950 Salas Lake Suite 927
South Kathrynside, MO 78215",638-283-9514,jmontgomery@example.com
404,Johnson-Martin,Hospital,"9303 Dominguez Overpass Suite 313
Stuartshire, AZ 21256",(413)547-4661x5986,joshuabarnes@example.com
405,Pruitt-Wu,Clinic,"3373 Moore Street
West Samuelberg, MA 21611",001-430-737-7484x5485,sharonnelson@example.net
406,"Fuller, Hall and Dickerson",Clinic,"82410 Elizabeth Squares
Danielchester, OH 19296",(867)495-2349,matthewadams@example.net
407,King Inc,Hospital,"887 Ethan Brooks
New Williamshire, NJ 16467",486.736.6498,patricia60@example.net
408,Edwards LLC,Hospital,"7566 William Mountains
East Heathermouth, WY 87685",(806)476-2046,fnichols@example.net
409,Daniels Inc,Clinic,"210 Sheila Drive
New Alicia, VA 60546",4884953281,lfreeman@example.com
410,Lynch-Jordan,Hospital,"2448 Lynch Valley Apt. 332
Austinview, MT 15626",+1-768-617-8924x09479,gibsonjoseph@example.net
411,"Brooks, Reed and Combs",Doctor,"5261 Spencer Overpass Apt. 618
Port Jerry, KS 54778",(696)366-8955x303,sarahdickson@example.org
412,Richards-Little,Hospital,"0728 Audrey Street
Lisafurt, SC 99888",733.891.8418,pecklaura@example.com
413,Hammond-Riddle,Clinic,"89258 Schwartz Ramp Apt. 820
West Danielbury, NH 19226",722.846.4261,duaneoconnor@example.org
414,Hernandez-Williams,Clinic,"55625 Bonnie Parkway Suite 479
West Joshuamouth, FL 58062",001-714-330-3482x6605,jamesriley@example.com
415,"Anderson, Melton and Edwards",Clinic,"2664 Theresa Road Apt. 528
Solisberg, WV 56308",001-425-814-4080,silvaadriana@example.net
416,Ruiz PLC,Clinic,"USNV Ballard
FPO AP 79383",774.761.3435,madisoncohen@example.org
417,Ruiz-James,Doctor,"29639 Garcia Falls
Osbornmouth, WV 33537",8812866510,brendamaldonado@example.com
418,Lee and Sons,Doctor,"126 Jones Junctions Apt. 497
West Mariafort, MI 59874",710-483-7337x3856,whiteemily@example.org
419,Schmidt-Smith,Clinic,"3456 Barbara Flats Apt. 435
Washingtonhaven, VT 20803",+1-669-433-2737x238,normanbrett@example.com
420,"Sampson, Wolf and Hanna",Clinic,"704 Thompson Bridge Suite 228
Brownport, WA 52927",274-563-7831x65345,amanda94@example.net
421,Oliver Group,Hospital,"493 Anna Knolls
Gonzalezside, CO 18818",001-729-495-6719x8903,warrenjames@example.org
422,Jackson LLC,Clinic,"83850 Michael Shoals Suite 910
West Elizabethfurt, PR 73719",+1-765-251-5589x9304,trose@example.org
423,Weaver-James,Doctor,"569 Tammy Green Apt. 152
North Ruth, AR 73096",(709)700-4231,jessicabowman@example.com
424,Mckinney and Sons,Hospital,"PSC 0792, Box 3619
APO AE 00906",933.493.3272x403,wayne01@example.com
425,Campbell-Deleon,Clinic,"311 Barber Neck Apt. 094
Juarezfurt, IL 91392",220.428.4879,angelasmith@example.com
426,"Reynolds, Watts and Fields",Doctor,"4207 Ricardo Pike Apt. 179
Valeriestad, DE 55086",794-381-0817x85972,anajenkins@example.com
427,Hughes-Brown,Doctor,"PSC 7855, Box 8130
APO AE 70918",+1-987-904-7586x0706,paul32@example.org
428,Salinas-Cummings,Clinic,"7608 Williams Prairie
New David, LA 83825",+1-358-315-9925x19536,sarah57@example.org
429,Baker-Ward,Clinic,"69726 Whitaker Manor
Cummingsfurt, AL 92379",371.620.5561,james53@example.com
430,Warner Inc,Doctor,"8920 Gonzalez Plaza
Romeroport, AR 83039",001-833-950-4761x234,logan15@example.com
431,Banks LLC,Clinic,"70251 Delacruz Centers Apt. 686
Deannaton, NJ 13251",257.955.0628,rothkarina@example.com
432,"Gonzalez, Hayes and Montgomery",Hospital,"44739 Jennifer Lake
North Sharihaven, AR 51246",381.500.1976,iromero@example.org
433,George and Sons,Doctor,"2620 Barnett Garden
East Blake, RI 33327",+1-306-843-4481x360,tina54@example.com
434,"Stone, Gonzalez and Torres",Clinic,"3702 Cantu Cape Suite 572
Lake Kimberlychester, MO 25241",001-460-790-9527x535,powellchristopher@example.net
435,"Winters, Wilson and Zimmerman",Doctor,"7029 Jimenez Well
Jamesville, CT 89884",(263)776-6758x855,wking@example.com
436,Estes-Smith,Hospital,"70974 Victor Camp
Montoyaberg, VT 37376",767-226-8258x7505,gabrielle95@example.org
437,Lopez-Miller,Hospital,"36958 Klein Villages Suite 990
Louisstad, WV 53909",001-629-516-5802x2453,fitzpatricktara@example.org
438,Brennan LLC,Clinic,"Unit 5001 Box 0183
DPO AA 65395",(926)965-3031,robertshaw@example.net
439,"Foley, Wiley and Dixon",Clinic,"9088 Mitchell Forge Apt. 419
East Nathan, MP 31530",(586)787-2315x8590,cholmes@example.org
440,West LLC,Hospital,"138 Lewis Meadows Apt. 700
Pattersonhaven, WA 10504",5604974502,sbarnett@example.net
441,Chapman-Bond,Clinic,"483 Emily Square
Grantville, NY 97661",+1-689-844-3486x4692,lesliehill@example.com
442,Dodson-Swanson,Clinic,"43134 Pope Hollow Apt. 678
Thomasport, IA 08462",823-222-7927,christianjames@example.org
443,Brown-Cohen,Doctor,"8625 Timothy Trafficway
Thorntontown, TX 30292",340-658-3925,bakertaylor@example.net
444,Warner-Simpson,Doctor,"9518 Goodman Common Suite 548
Kyleside, MH 73880",438.918.0746,mobrien@example.org
445,"Hall, Freeman and Williams",Doctor,"6694 Anthony Village
Richardmouth, MO 60404",001-517-639-5625x31160,sandra66@example.com
446,Gonzalez-Rojas,Doctor,"1124 Hawkins Mount
Johnsonstad, VT 96631",4944822723,ebowen@example.net
447,"Ramirez, White and Hayes",Clinic,"930 Carr Gardens
New Cindyberg, NC 66319",001-638-367-6504,kellycole@example.org
448,"Estes, Morris and Tucker",Doctor,"8902 Keith Shoals
Davidland, AK 75914",(351)653-1815x47591,floresjenny@example.org
449,Rose LLC,Clinic,"8754 Rodriguez Place
Lowefort, VI 60755",6215474594,vickie75@example.net
450,Morales Inc,Doctor,"887 Atkins Expressway Suite 351
Port Audreymouth, MS 22667",(870)894-2056,balljoseph@example.org
451,Weber-Lee,Hospital,"USNS Potter
FPO AP 19206",257-516-1407,mirandataylor@example.com
452,Walker Group,Doctor,"27699 Sally Passage
Mannington, OK 78302",+1-825-661-7183x4049,amber49@example.net
453,"Mckay, Brooks and Stone",Doctor,"8105 Stacy Lakes
Wellsfurt, DE 11284",214.754.0969x013,mwade@example.com
454,Donovan-Cruz,Hospital,"370 Holmes Dam
East Hollyfort, AS 78148",(700)857-7061,katherineperez@example.net
455,Roach-Lynn,Hospital,"02364 Elizabeth Junctions
Morrisview, VI 93691",919-598-9279,teresa34@example.org
456,Berry Inc,Hospital,"3407 Hughes Union Suite 688
Joshuatown, MI 77557",306-224-8246,richardgonzalez@example.net
457,Walters and Sons,Hospital,"34653 Anderson Knoll Suite 074
West Stacyburgh, MD 41524",+1-308-498-3031x52269,dianawagner@example.net
458,"Diaz, Shaffer and Reyes",Hospital,"764 Fritz Plaza Apt. 224
North Andrew, RI 90900",001-505-331-7255x983,ngonzalez@example.org
459,Underwood LLC,Doctor,"980 Deborah Falls
East Charlesmouth, ID 35926",(737)647-0659,wanda80@example.org
460,"Contreras, Lynn and Thomas",Doctor,"80749 Bailey Plain
East Shawnburgh, AZ 24219",527.334.1692x4912,destinyadams@example.org
461,Palmer LLC,Clinic,"3450 Erika Extensions
South Kathrynhaven, PA 71556",+1-367-240-7974x2833,iford@example.org
462,"Jones, Williams and Gibson",Clinic,"2718 Gutierrez Field
Simschester, HI 93922",(962)895-7933,patrickweeks@example.org
463,Serrano PLC,Clinic,"317 Julia Light
Blackshire, VT 95344",+1-892-529-7816,dfields@example.net
464,"Watts, Bonilla and Lee",Hospital,"8389 Aaron Garden
Meganport, PR 84673",5468096742,lscott@example.com
465,Johnson and Sons,Hospital,"601 Duarte Brooks Apt. 357
Rogersside, RI 52367",(430)709-5116x71077,annmayer@example.com
466,Peters Inc,Hospital,"833 Martin Corner Apt. 895
Bishopview, ID 72322",(286)284-8067x60434,andrewholland@example.net
467,"Wright, Bell and Russell",Doctor,"8366 Hunt Valley
West Angela, TX 52377",001-433-354-6827x2802,rvasquez@example.org
468,"Mitchell, Barrett and Sutton",Hospital,"58912 Kelly Radial Suite 856
Perkinsborough, MD 67539",001-282-429-2697x2893,courtneyhenderson@example.com
469,"Brown, Williams and Foster",Doctor,"PSC 5125, Box 1790
APO AA 71786",503-200-2375,sbrewer@example.com
470,Ramos and Sons,Hospital,"3122 Corey Gardens
West Karen, DE 22386",(387)798-8867x7785,stacy48@example.net
471,Peters Group,Clinic,"2149 Suarez Place
West Danielleburgh, MH 45527",(464)586-7958x7344,stevensmichael@example.com
472,Ford-Moore,Clinic,"Unit 1861 Box 6980
DPO AE 54563",+1-391-859-1247x9396,ospencer@example.net
473,Robinson-Thomas,Clinic,"261 Heather Crossroad
Port Carolyn, CO 57451",6143341791,wrightsandra@example.com
474,Cannon LLC,Doctor,"838 Hernandez Stravenue
Williamfort, AL 33755",+1-750-293-6188x88295,jeffreykelley@example.org
475,Hansen-Conner,Clinic,"468 Brandon Street Suite 794
West Juliaberg, NE 52650",001-990-501-4205,elizabethcarter@example.org
476,"Hurst, Williams and Palmer",Doctor,"USCGC Arnold
FPO AP 52382",+1-767-514-0681,tonischneider@example.net
477,Todd Group,Doctor,"701 Michael Divide Suite 877
Martinezhaven, WA 33941",4974679356,hernandezcynthia@example.net
478,Atkinson-Moran,Doctor,"45839 Stark Meadows Suite 413
Hendricksville, MD 88070",6847707192,hwoods@example.org
479,"Ashley, Choi and Duncan",Hospital,"2921 Eric Drives Suite 586
Brownchester, AL 26478",001-895-953-9715x91984,zlang@example.org
480,"Carr, Andrade and Clark",Clinic,"164 Carlson Way Suite 150
Gregorychester, ME 69265",(592)933-1240,shermanjustin@example.net
481,"Hernandez, Romero and Rogers",Clinic,"USCGC Andrews
FPO AE 31372",328.999.4051x09557,mvance@example.net
482,"Meyer, Hall and Burke",Hospital,"39543 Wells Inlet Suite 368
Lake Fernandoport, CT 39159",(443)730-9663x5281,grichards@example.net
483,Glover and Sons,Doctor,"999 Campbell Turnpike
Mistyfurt, HI 98219",+1-895-328-2638x502,juliajoseph@example.com
484,"Murray, Moore and Ponce",Doctor,"49917 Christopher Drives Apt. 312
Hugheston, PW 09969",+1-931-688-7647x23232,jfisher@example.com
485,Martin LLC,Clinic,"8934 Gallagher Terrace
South Cynthiatown, CO 73902",+1-418-561-4599,annagarcia@example.com
486,Parker LLC,Doctor,"3868 Kathy Springs Apt. 821
East Anthonyburgh, ME 94569",846.323.6978,jillsaunders@example.net
487,"Herrera, May and Gardner",Doctor,"37851 Dennis Springs
North Wesleyfurt, AS 17462",(648)845-5309x784,anthony62@example.org
488,"Vega, Kelly and Hopkins",Clinic,"386 Matthews Center
Johntown, MN 61416",830-944-9430,jonesdennis@example.com
489,Jones Inc,Hospital,"Unit 9267 Box 8078
DPO AA 57370",(239)861-7388x4898,dawngomez@example.net
490,Murray-Shaw,Doctor,"6254 David Turnpike Suite 049
Rickbury, OK 31284",403-931-9030,erik56@example.com
491,Rich-Brown,Doctor,"597 Roberts Vista
Lake Alexborough, NJ 59366",403-417-7896x4689,lwhitaker@example.org
492,"Bernard, Weber and Whitaker",Doctor,"793 Melendez Fort
New Keith, NY 48526",+1-527-204-0545x760,louismatthews@example.org
493,Kane Group,Clinic,"81547 Johnson Brook Suite 629
East Alyssabury, MN 07952",(285)822-3666,grantgregory@example.net
494,Graves PLC,Clinic,"097 Christopher Heights Suite 881
New Lee, CA 93323",+1-932-842-1641,hermanmatthew@example.net
495,Ayers PLC,Doctor,"70708 Jack Forge
Lynnton, MS 70746",782.384.8410,carlacontreras@example.com
496,Salas LLC,Clinic,"86034 James Knolls
Brownfurt, AR 65206",242-243-3185,christopherkirk@example.org
497,Ellis and Sons,Doctor,"46389 Devin Crest
East Shawn, FM 68416",+1-905-351-6945,ashleychang@example.net
498,"Anderson, Hunt and Spencer",Doctor,"PSC 4349, Box 3780
APO AE 31095",446-970-9786x8703,kathleenluna@example.com
499,"Bradley, Griffin and Ramirez",Clinic,"4148 Gates Parks
Jaredtown, FL 17683",+1-633-486-5855,amy36@example.org
