account_id,client_id,account_type,balance,opening_date,branch
0,785,Investment,866608,2020-04-17,East Davidberg
1,523,Investment,652755,2024-01-11,Lake Dana
2,839,Investment,955035,2021-06-18,Lake Cheryl
3,986,Checking,938680,2020-09-21,Noahchester
4,420,Investment,931660,2023-01-11,Lake Juanburgh
5,364,Savings,630301,2024-01-06,Amychester
6,936,Investment,698006,2024-02-19,Lake Benjaminmouth
7,219,Checking,683815,2020-11-14,Campbellmouth
8,386,Savings,866780,2020-09-18,Derekland
9,604,Investment,211046,2024-03-14,Thomasshire
10,514,Investment,423709,2022-06-08,Trujilloberg
11,143,Checking,567212,2021-05-29,Wrighttown
12,94,Investment,304903,2024-05-27,West Stephanieview
13,655,Investment,481862,2020-08-31,West Kristieburgh
14,947,Savings,359796,2020-07-24,Brettfurt
15,296,Savings,466445,2024-03-24,Littleside
16,697,Checking,704899,2021-07-27,Wongton
17,209,Investment,91239,2019-10-22,Wileyton
18,311,Investment,863892,2024-02-11,Seanfurt
19,596,Checking,736107,2022-05-04,Kimberlystad
20,506,Checking,931790,2019-11-18,West Williamville
21,722,Investment,386913,2023-11-13,Peterville
22,281,Investment,379569,2021-06-26,New Kimberly
23,158,Investment,490273,2024-02-04,Jennaborough
24,934,Investment,193860,2020-09-23,East Philipburgh
25,683,Investment,995075,2020-03-27,Josephchester
26,329,Investment,922018,2020-12-24,Port Trevor
27,934,Investment,486498,2023-07-24,East Tracyburgh
28,366,Investment,731629,2021-02-14,Jamesshire
29,954,Investment,701193,2023-01-03,New Margaretland
30,865,Checking,273511,2022-06-06,Bookerside
31,323,Checking,501575,2021-05-26,West Vincent
32,323,Investment,351132,2021-12-29,Brittanyview
33,449,Savings,626765,2020-07-28,Josephside
34,615,Savings,433964,2022-08-17,Popebury
35,69,Investment,598089,2023-10-10,Lake Kayla
36,926,Investment,396851,2021-03-16,West Christina
37,167,Savings,799598,2022-10-17,Crystalmouth
38,720,Savings,906797,2022-04-01,North Pam
39,538,Savings,998046,2021-11-11,North Ryanton
40,62,Checking,102585,2022-03-14,North Diana
41,562,Investment,251883,2022-11-19,West Charles
42,436,Checking,629565,2021-01-25,Port Barbara
43,530,Investment,543053,2022-03-27,Port Elizabethview
44,471,Checking,924039,2022-10-08,East Sarah
45,24,Checking,203913,2022-06-30,Patrickshire
46,803,Investment,852197,2021-07-14,Mendezborough
47,770,Savings,524247,2020-08-12,Lake Rachel
48,79,Investment,170923,2019-12-21,West Mallory
49,371,Savings,72275,2024-06-16,Garciachester
50,686,Investment,880594,2021-04-27,Port Christopherview
51,369,Checking,683183,2021-02-28,South Jorgeland
52,9,Checking,313166,2024-06-01,North Michaelburgh
53,769,Investment,134312,2024-08-13,Port Angela
54,25,Savings,384725,2020-05-18,Port Andrew
55,12,Savings,930940,2023-06-05,Cooperland
56,656,Checking,43863,2023-08-14,Wilsonland
57,260,Checking,8066,2020-08-09,New Bryan
58,4,Investment,752187,2020-12-17,Danielborough
59,855,Checking,779727,2020-06-30,Reedland
60,283,Savings,3506,2022-11-02,Thomaston
61,37,Checking,835785,2021-01-15,East Kristenbury
62,152,Checking,640393,2021-12-14,Cookmouth
63,872,Savings,136563,2020-05-27,South Andrew
64,487,Savings,252274,2020-01-13,North Clinton
65,545,Checking,644305,2020-02-22,Penatown
66,357,Checking,820808,2020-12-20,Valerieport
67,344,Investment,271415,2022-12-15,East Vanessa
68,207,Checking,607112,2020-04-13,South Erika
69,341,Checking,15832,2021-06-14,Esparzaview
70,64,Checking,889490,2024-08-09,South Pamela
71,890,Investment,972500,2023-03-02,Davidtown
72,962,Checking,777030,2020-12-03,East Robert
73,2,Investment,651767,2024-05-04,North Dawn
74,357,Investment,395379,2021-05-08,Matthewfort
75,784,Savings,467844,2020-07-18,Shawview
76,815,Savings,148064,2022-02-20,North Kristin
77,749,Savings,437820,2022-12-01,Thomasstad
78,398,Investment,397326,2024-03-05,Smithhaven
79,844,Investment,714494,2020-02-17,Lake Lawrence
80,598,Investment,787195,2023-12-16,Lake Elizabeth
81,173,Savings,232875,2023-10-17,Nolanborough
82,444,Investment,785055,2020-04-08,New Josephstad
83,606,Investment,101080,2024-06-21,North Amy
84,485,Investment,468022,2021-02-12,South Alextown
85,509,Checking,424248,2021-01-21,New Benjamin
86,168,Savings,247727,2019-10-24,New Robert
87,692,Investment,22023,2021-04-11,Peterborough
88,761,Savings,908029,2021-05-25,West Andrewfort
89,456,Investment,217065,2021-01-01,New Heather
90,6,Savings,35458,2023-10-01,Lake Dana
91,337,Checking,678635,2023-07-02,Frazierberg
92,827,Savings,68527,2023-11-04,Lake Anthonytown
93,455,Investment,643519,2020-08-21,Taraburgh
94,463,Savings,35951,2024-07-21,Donaldshire
95,520,Investment,366992,2023-11-29,Thomasbury
96,948,Investment,314350,2020-03-20,Freemanchester
97,958,Investment,623132,2023-05-02,Port Paul
98,498,Investment,549454,2021-07-25,West Tammy
99,77,Savings,794474,2020-11-17,East Anna
100,811,Savings,224352,2021-09-27,South Danielview
101,840,Checking,535732,2021-06-02,South Chelsea
102,392,Checking,89291,2020-05-10,Atkinsonmouth
103,376,Investment,920160,2020-01-21,Jessetown
104,113,Investment,808261,2019-11-17,East Tonyabury
105,518,Investment,106092,2022-02-22,Mollystad
106,233,Savings,504882,2023-06-25,Port Matthewberg
107,481,Checking,762845,2023-01-19,Port Joseph
108,60,Checking,826366,2021-04-01,Kentland
109,482,Savings,454679,2022-08-21,South Kimberlytown
110,137,Investment,470964,2021-01-02,West Melissamouth
111,694,Checking,368018,2022-04-18,Freemanville
112,783,Savings,968236,2022-08-13,Lake Joycefurt
113,635,Checking,450012,2020-04-05,West Heatherfurt
114,193,Investment,411514,2021-03-13,New Ravenville
115,31,Investment,221589,2021-05-31,Port Crystal
116,386,Investment,182049,2023-10-21,Amandahaven
117,273,Savings,974049,2023-12-15,West Nancyhaven
118,483,Investment,739359,2021-10-29,Carlsonhaven
119,746,Investment,944695,2022-08-13,West Levibury
120,187,Savings,270780,2020-12-28,Bryantborough
121,777,Investment,605660,2023-11-22,Port Richard
122,384,Checking,138569,2020-12-18,Clarkborough
123,392,Investment,964358,2021-06-16,New Christine
124,13,Checking,739259,2022-05-20,North Cynthiafurt
125,617,Savings,154266,2019-10-15,Lewisstad
126,698,Savings,960877,2021-01-09,Port Tiffany
127,815,Checking,80938,2020-03-22,West Kimberlyville
128,360,Investment,637668,2024-09-24,Ericton
129,59,Savings,534174,2023-09-27,West Markberg
130,429,Checking,765574,2020-09-21,Woodsburgh
131,349,Checking,493704,2023-07-24,East Mason
132,626,Investment,82680,2024-03-25,East Michael
133,910,Checking,48809,2024-03-01,Jillianville
134,912,Savings,58039,2019-12-21,Jenkinsville
135,685,Investment,43026,2023-02-19,Shawnhaven
136,424,Investment,483233,2019-10-25,Mathewberg
137,44,Savings,628095,2024-09-25,Adammouth
138,340,Investment,822353,2024-01-21,Browntown
139,362,Checking,53077,2021-10-29,West Glenntown
140,532,Checking,542946,2021-01-13,New Kimberlyport
141,83,Investment,893361,2019-12-14,Lake Kari
142,156,Checking,319159,2024-09-06,Garnerburgh
143,959,Checking,130953,2019-12-08,Port Christopherport
144,584,Investment,227152,2024-05-02,Lake Kristieberg
145,987,Investment,568490,2021-09-12,Michaelburgh
146,969,Investment,580035,2023-11-04,Haynesborough
147,199,Savings,591322,2022-02-04,Cabreraborough
148,612,Savings,802774,2023-10-24,South Kevin
149,507,Savings,774091,2023-02-24,Williamburgh
150,337,Checking,355377,2022-01-01,Lake Codyton
151,448,Savings,712338,2023-04-07,Veronicaberg
152,211,Checking,460122,2022-05-22,Mannhaven
153,4,Investment,208924,2022-12-14,North Jamesbury
154,890,Investment,191369,2024-06-02,Hunterfort
155,843,Investment,206042,2020-06-07,Lorettatown
156,655,Checking,343677,2022-02-23,South Bruce
157,853,Checking,681866,2022-04-18,Port Catherineberg
158,650,Savings,971425,2024-06-23,Johnsonburgh
159,489,Savings,154283,2023-12-28,East Erinstad
160,380,Checking,283962,2020-10-29,New Jennifer
161,602,Savings,627362,2020-09-08,Murphychester
162,352,Checking,948235,2021-07-10,South Tammyhaven
163,559,Savings,458596,2019-10-29,Shafferland
164,750,Checking,118283,2020-04-13,Montoyaville
165,21,Investment,909267,2023-01-24,Munozstad
166,915,Checking,886934,2022-06-10,New Rickeyburgh
167,927,Checking,524597,2020-07-02,West Victoriamouth
168,642,Investment,594839,2020-07-21,Sherylland
169,339,Savings,519132,2022-10-04,Port Michelle
170,90,Investment,682788,2023-03-14,Christinechester
171,514,Checking,661365,2022-08-07,New Mark
172,447,Investment,606451,2020-11-12,South Megan
173,499,Savings,941442,2020-12-25,Bakerchester
174,78,Investment,882109,2020-05-30,Burkechester
175,321,Checking,394588,2024-05-06,Markville
176,201,Checking,363178,2021-07-30,Port Hector
177,475,Savings,263599,2021-02-05,New Amy
178,268,Savings,21747,2021-06-27,Gregoryville
179,225,Investment,664070,2021-01-07,West Jessica
180,481,Investment,141064,2022-02-13,Joshuaport
181,648,Investment,974481,2022-06-22,Anafort
182,474,Investment,653058,2022-04-18,South Karichester
183,687,Checking,180055,2023-09-27,Port Christopher
184,652,Savings,924933,2020-10-11,West Kaitlynmouth
185,27,Checking,188077,2024-01-16,South Amandabury
186,447,Investment,128450,2023-04-29,Mcmahonfort
187,116,Savings,814321,2019-12-23,Simsshire
188,327,Savings,240130,2022-07-18,New Jenny
189,191,Checking,913416,2024-10-02,Kathyfurt
190,86,Investment,873433,2024-02-05,South Stephaniebury
191,894,Checking,616098,2024-03-20,New Kevin
192,357,Savings,999324,2020-07-05,Starkberg
193,51,Checking,903967,2021-07-05,North Katherinemouth
194,512,Savings,186837,2024-04-21,Port Tylermouth
195,875,Checking,628354,2024-04-24,Port Pamelamouth
196,344,Checking,597503,2021-10-03,Port Victor
197,412,Savings,743205,2024-03-24,East Jennifershire
198,466,Savings,640576,2023-12-31,Douglasville
199,663,Savings,142225,2022-01-21,Port Kimberly
200,359,Investment,193218,2020-03-16,Rosschester
201,708,Investment,527677,2020-04-09,New Robert
202,728,Investment,759503,2023-02-27,Coreyshire
203,697,Investment,940911,2020-12-08,Ramirezstad
204,513,Investment,518188,2022-02-14,Oconnellburgh
205,48,Checking,502058,2020-05-22,Lake Taylorview
206,140,Checking,586637,2019-12-24,Port Glennfort
207,441,Savings,529942,2024-05-06,Wardton
208,709,Savings,947197,2021-04-30,Taylorhaven
209,216,Investment,873572,2024-03-06,East William
210,345,Savings,528940,2020-06-08,Williamsshire
211,275,Checking,538373,2020-03-10,Port Christina
212,274,Checking,486296,2021-11-14,New Timothyview
213,862,Savings,70189,2021-04-22,North Glen
214,953,Savings,75147,2021-09-09,Cruztown
215,59,Savings,574804,2023-08-10,North Briannamouth
216,587,Investment,263341,2024-02-08,Samanthaland
217,79,Checking,422358,2023-01-05,South Brian
218,28,Investment,331671,2023-09-25,Christineton
219,874,Checking,799592,2023-09-23,North Brian
220,733,Savings,693970,2023-03-30,Cochranland
221,836,Savings,772794,2021-07-14,South Stephanie
222,134,Savings,233788,2021-09-01,Romeromouth
223,464,Checking,65914,2021-06-07,Timothyfort
224,659,Investment,502403,2020-08-29,Howellmouth
225,592,Investment,619799,2022-10-29,Taylorberg
226,817,Savings,602934,2021-10-31,New Lauraview
227,415,Checking,994803,2024-08-05,Washingtonberg
228,800,Savings,239157,2021-05-02,Lake Matthew
229,77,Checking,350962,2023-12-12,Fullermouth
230,704,Checking,789199,2021-02-01,Marshallside
231,707,Investment,583491,2020-11-30,East Jake
232,530,Savings,114715,2021-12-07,East Bobbyfort
233,816,Checking,667335,2022-11-22,Lake Raymond
234,971,Checking,652664,2022-01-25,Ryanburgh
235,27,Checking,32950,2021-01-06,Robertberg
236,987,Checking,11807,2020-12-21,Barnesport
237,335,Checking,23593,2023-12-14,South Nancymouth
238,440,Investment,209822,2021-12-31,Lake Dylan
239,788,Checking,37680,2023-05-25,South Alicia
240,976,Checking,229701,2020-11-26,Carterborough
241,427,Checking,100398,2020-01-05,Duncanfort
242,35,Savings,514314,2020-03-03,North Alan
243,343,Savings,218107,2023-06-23,Parkerville
244,28,Checking,652233,2020-10-05,Port Jordanburgh
245,710,Savings,565482,2023-10-07,Hicksside
246,3,Investment,174529,2022-12-12,South Derricktown
247,334,Checking,638711,2020-06-28,Marissamouth
248,994,Investment,250811,2023-11-30,New James
249,106,Savings,286662,2023-05-27,Maymouth
250,567,Investment,55691,2021-08-31,South Gregoryville
251,930,Checking,68094,2020-11-17,Ericaton
252,475,Investment,739854,2021-11-16,New Leslieland
253,664,Investment,794196,2021-12-09,West Holly
254,166,Savings,117358,2023-03-30,Ponceville
255,605,Savings,631376,2022-10-11,New David
256,998,Checking,938018,2021-03-05,Edwardland
257,634,Savings,59298,2024-07-26,Chadhaven
258,930,Savings,336390,2024-07-13,North Christopher
259,434,Savings,206463,2021-08-16,South William
260,157,Checking,975781,2019-10-30,South Lori
261,287,Investment,168740,2022-10-24,Ramirezbury
262,901,Savings,842500,2022-11-16,Meganberg
263,857,Checking,367549,2022-05-14,Davidton
264,481,Checking,955501,2020-04-24,Jacobstown
265,225,Investment,529494,2023-05-04,Christinaview
266,9,Savings,222746,2022-10-01,Banksville
267,200,Investment,179368,2021-09-06,Bowersberg
268,961,Savings,153948,2022-12-09,Gregorybury
269,81,Savings,427660,2022-11-29,South Davidside
270,545,Savings,78164,2021-03-25,North Pamela
271,995,Checking,559807,2022-05-10,Lake Ernestfort
272,975,Savings,339710,2024-08-22,Robertsmouth
273,797,Checking,409059,2023-08-16,Coxville
274,387,Savings,556485,2020-09-29,Robintown
275,476,Savings,58617,2022-12-21,East Erikaborough
276,912,Savings,769195,2023-04-04,Harveyhaven
277,399,Savings,222080,2020-07-04,North Royside
278,557,Checking,948241,2020-12-12,Lake Kimberlyview
279,620,Investment,356459,2021-04-28,Wongchester
280,459,Savings,754166,2023-07-21,Lake Christina
281,163,Savings,810979,2020-04-11,Shannonstad
282,809,Checking,29167,2023-11-12,Bakermouth
283,639,Savings,333661,2022-07-26,West Scott
284,325,Checking,220891,2022-05-21,Andrewtown
285,175,Investment,693234,2022-08-29,North Megan
286,630,Checking,740680,2020-06-16,Hoganfort
287,806,Savings,140793,2021-01-03,East Rebeccaport
288,366,Investment,881495,2020-01-05,Michaelfurt
289,578,Investment,464149,2023-01-24,Gabrielletown
290,854,Savings,901154,2020-12-23,Morenofurt
291,789,Savings,43629,2020-11-27,South Oliviashire
292,280,Investment,861104,2020-09-25,North Michellefort
293,557,Checking,820280,2020-05-19,West Kevin
294,882,Checking,626765,2023-04-06,South Whitney
295,345,Savings,336154,2022-06-27,East Vincent
296,855,Savings,418960,2020-10-03,Castillofort
297,887,Savings,344291,2020-12-11,New Spencertown
298,783,Savings,352654,2020-01-08,Greenfurt
299,779,Checking,370545,2022-07-04,East Donna
300,591,Investment,590053,2023-12-03,West Mary
301,251,Checking,105492,2022-11-09,Clarkville
302,690,Investment,573649,2023-11-05,South Cherylborough
303,946,Checking,966031,2024-03-09,Torresbury
304,645,Investment,100739,2021-11-01,Brownview
305,457,Savings,69526,2024-05-11,West Wendymouth
306,285,Investment,916439,2021-07-21,Meltonview
307,790,Investment,341868,2020-02-22,Melaniefurt
308,682,Investment,336077,2021-08-18,Dennismouth
309,729,Investment,751894,2023-06-14,Davidview
310,213,Savings,261239,2023-11-26,Tamarafurt
311,407,Checking,269346,2021-06-05,Johnsonville
312,856,Checking,174972,2024-07-29,Lake Calebside
313,894,Checking,342980,2020-10-01,Palmermouth
314,262,Investment,298235,2020-09-23,Angelastad
315,972,Investment,468669,2023-01-12,Kimberlystad
316,845,Investment,779357,2023-04-17,Choiville
317,216,Investment,262793,2023-07-05,Port Jonathan
318,303,Investment,718853,2022-03-04,East Pamela
319,316,Savings,748671,2019-11-06,Fisherside
320,436,Savings,390956,2023-08-16,Harrisonton
321,802,Investment,392185,2021-06-11,East Tami
322,745,Checking,836402,2024-05-27,Port David
323,545,Investment,305725,2021-10-19,West Tammy
324,808,Checking,451994,2021-11-27,Lake Thomaschester
325,531,Checking,925424,2019-12-20,East Timothy
326,99,Savings,57732,2020-09-05,West Brian
327,795,Savings,144137,2023-05-08,Davisshire
328,700,Savings,143921,2023-09-19,Gonzalesland
329,351,Checking,872204,2022-12-14,Watsonmouth
330,320,Savings,42547,2019-11-18,New Veronica
331,608,Investment,520223,2020-02-15,North Kevin
332,845,Investment,715559,2022-03-29,Lake Sharon
333,559,Investment,567318,2024-06-25,Port Jacobbury
334,132,Checking,914122,2023-04-13,Lake Christopherchester
335,490,Checking,589200,2020-10-27,Marshallbury
336,253,Investment,624821,2020-01-10,Martinbury
337,248,Checking,317469,2023-04-02,West Robert
338,189,Savings,496281,2023-05-23,Coltonhaven
339,163,Checking,337960,2023-04-30,North Jonathanbury
340,479,Savings,492592,2023-11-07,Barnettside
341,806,Investment,430180,2020-05-23,North Alanville
342,434,Savings,551348,2020-09-18,West Jonathan
343,761,Investment,410649,2020-09-29,South Janetton
344,233,Investment,77351,2020-06-08,Sanfordshire
345,474,Savings,245178,2022-04-17,Linbury
346,30,Investment,865810,2023-12-25,Ruthtown
347,228,Checking,36820,2021-10-16,Tonyburgh
348,844,Checking,171794,2024-07-18,East Dianaside
349,214,Checking,401608,2022-08-17,Kelseymouth
350,538,Investment,159231,2022-10-22,Mendezfurt
351,665,Checking,314223,2022-09-21,New Brittanymouth
352,336,Savings,111433,2020-10-17,Dayside
353,102,Checking,389912,2021-11-20,West William
354,118,Savings,872713,2021-11-29,Edwardside
355,81,Investment,624888,2022-06-03,Sabrinaside
356,249,Savings,143186,2023-07-02,Martinezview
357,253,Savings,384080,2022-07-16,Michaelburgh
358,424,Investment,401765,2023-04-24,West Donna
359,666,Checking,888840,2021-09-09,West Juliaport
360,528,Savings,215926,2020-07-11,Lake Brenda
361,330,Checking,509417,2021-05-09,Port William
362,869,Savings,536636,2019-11-09,West Andrew
363,204,Investment,82243,2022-11-16,Veronicaside
364,295,Investment,893229,2024-02-20,Moranhaven
365,101,Savings,220335,2020-06-10,South William
366,233,Checking,914748,2021-07-19,Kimberg
367,206,Savings,473737,2023-11-09,Micheleland
368,480,Savings,599575,2021-03-29,Bryantmouth
369,537,Investment,17736,2021-09-10,Ryanhaven
370,698,Savings,718433,2023-05-21,West Patricia
371,232,Investment,85365,2024-05-23,North John
372,843,Checking,731434,2024-03-02,New Donald
373,770,Investment,835248,2023-09-09,North Justinton
374,274,Investment,315298,2022-07-24,West David
375,396,Checking,8053,2023-12-09,South Becky
376,84,Investment,694426,2023-02-21,Johnsonport
377,630,Checking,495214,2024-02-10,Port Jessicaborough
378,20,Investment,859335,2021-02-28,Russellport
379,161,Investment,35206,2024-05-28,Lake Sandra
380,264,Savings,261866,2023-11-18,New Melanie
381,58,Checking,766443,2022-08-31,New John
382,792,Investment,147182,2020-01-26,Christineton
383,524,Savings,260698,2023-03-17,Dylanbury
384,230,Checking,201843,2024-06-18,Moralestown
385,751,Checking,952639,2024-02-14,Martinborough
386,425,Savings,477333,2020-09-18,Lake Sarabury
387,447,Savings,962323,2021-09-19,Lake Mariabury
388,888,Checking,199838,2019-10-04,South Alexanderport
389,124,Investment,571924,2022-03-19,Perezshire
390,169,Investment,80317,2023-10-03,Ramirezmouth
391,915,Savings,313031,2024-08-09,South Sheenastad
392,531,Savings,640052,2023-09-17,Port John
393,41,Investment,246934,2022-09-10,West Deborah
394,285,Checking,401306,2020-06-02,Lake Amberbury
395,578,Investment,539931,2023-08-14,North Edwardton
396,764,Checking,790829,2022-07-03,South Kristenstad
397,860,Checking,568390,2024-07-24,Vaughnview
398,615,Investment,218244,2022-12-26,Lozanoport
399,860,Savings,760748,2020-04-17,Lake Erik
400,368,Savings,517472,2024-04-30,Wallaceshire
401,292,Checking,554248,2023-03-11,Port Jessicashire
402,238,Savings,747590,2022-04-23,East Carmenmouth
403,621,Investment,50271,2024-06-05,New Antonio
404,435,Savings,819371,2020-03-18,North Erica
405,854,Investment,662160,2020-05-10,West Nancy
406,380,Investment,961217,2022-10-17,Lake Seanside
407,500,Savings,921175,2022-05-04,Nguyenstad
408,428,Savings,54742,2023-08-13,Mariatown
409,787,Investment,301268,2020-01-13,Williamport
410,238,Savings,523237,2023-05-26,West Brooke
411,615,Investment,407852,2021-09-08,Joannaport
412,622,Savings,604822,2022-11-12,Hallchester
413,30,Savings,275099,2021-04-30,Ryantown
414,542,Savings,990759,2019-12-28,Fowlerside
415,193,Savings,919723,2022-04-22,Hudsonfort
416,658,Savings,282016,2022-02-02,East Davidborough
417,387,Investment,176248,2021-05-31,Washingtonport
418,327,Checking,471394,2024-01-31,North Tracey
419,400,Investment,66763,2021-07-28,New Theresaport
420,190,Investment,579962,2024-09-28,Ayersshire
421,389,Savings,951966,2021-09-23,Johntown
422,206,Investment,212553,2021-09-04,Thomaschester
423,315,Checking,740279,2020-12-19,Whiteland
424,21,Investment,155424,2020-03-04,Brandiport
425,529,Investment,251498,2021-12-23,Angelaport
426,696,Checking,165266,2024-02-08,Richardsville
427,960,Investment,242828,2022-02-14,Robertafort
428,118,Investment,821054,2021-08-04,Stephanieside
429,106,Checking,630499,2023-01-29,West Kellyburgh
430,592,Checking,80554,2021-08-07,Sydneyfurt
431,32,Savings,950319,2024-06-23,Lake Ryan
432,160,Checking,468397,2023-10-25,South Angelmouth
433,51,Checking,982340,2023-11-13,Port Nicholeville
434,827,Checking,102245,2020-08-10,Davenportburgh
435,3,Savings,858035,2022-09-08,Walterville
436,902,Checking,691267,2021-04-28,Lake Jacob
437,500,Savings,815164,2020-03-12,Maryland
438,172,Savings,434722,2020-08-09,Port Abigail
439,894,Investment,263208,2022-09-22,Stephensside
440,621,Investment,760783,2022-09-26,Johnstonville
441,727,Savings,907675,2020-09-04,East Peter
442,82,Investment,435059,2022-04-19,Rachaeltown
443,433,Investment,149599,2024-05-02,Amyland
444,346,Savings,398293,2024-08-18,East Hollyland
445,859,Savings,852894,2019-12-13,Ericville
446,898,Investment,510786,2020-05-09,Lake Kellymouth
447,654,Checking,576429,2023-06-17,Jasontown
448,668,Savings,509277,2023-06-26,Williamshaven
449,552,Investment,501679,2024-06-21,Brendaview
450,452,Savings,101129,2023-01-31,New Andrea
451,387,Investment,540161,2021-03-23,North Katherine
452,681,Checking,645934,2020-11-07,Bonnietown
453,269,Investment,779753,2024-04-19,Penafurt
454,525,Investment,584457,2024-03-08,East Brian
455,497,Checking,11293,2022-07-15,Lake Ellen
456,318,Checking,828501,2024-05-24,North Scottport
457,496,Investment,135146,2024-02-09,Williamhaven
458,941,Checking,895160,2021-07-15,New Jonathan
459,727,Investment,290962,2023-04-20,Vanceton
460,258,Checking,115761,2023-12-17,North Aaron
461,894,Savings,653899,2021-06-02,South Jessicaberg
462,679,Investment,943474,2024-06-24,Johnsonview
463,593,Investment,119006,2021-06-07,Port Charles
464,149,Checking,489498,2022-01-04,New Derek
465,219,Investment,626496,2019-10-14,Harrisshire
466,69,Checking,811463,2019-12-02,Port Christopherville
467,475,Savings,499208,2024-04-13,South Christina
468,836,Investment,787809,2022-12-27,Port Rebeccabury
469,45,Investment,514378,2020-07-08,Jennifertown
470,28,Checking,921340,2023-07-03,North Erik
471,849,Checking,985002,2020-09-29,North Joan
472,219,Savings,420084,2021-08-23,New Samantha
473,783,Checking,247927,2019-12-11,Brucebury
474,350,Savings,513628,2024-06-20,Port Tara
475,615,Investment,244751,2020-02-19,East Christinahaven
476,830,Savings,791869,2024-05-31,North Allison
477,977,Savings,794868,2024-06-27,Anthonyshire
478,772,Checking,68495,2022-02-19,South Patricia
479,172,Investment,654458,2023-01-13,Randybury
480,746,Savings,266219,2023-04-04,East Veronica
481,310,Savings,3466,2023-10-18,Davidville
482,626,Checking,448253,2020-01-06,Allenview
483,541,Checking,247505,2023-07-27,New Kendraview
484,902,Investment,690902,2020-05-07,Lake Victoria
485,893,Checking,644811,2023-09-10,North Shelby
486,184,Investment,592414,2021-12-07,Billytown
487,116,Checking,634226,2019-10-12,East Bradley
488,379,Checking,327021,2023-09-25,Martinezmouth
489,860,Savings,835775,2021-03-29,South Lauraville
490,8,Investment,11174,2024-01-26,Garciaside
491,201,Checking,629309,2020-01-07,North Richardport
492,263,Savings,882686,2020-08-07,North Michelle
493,932,Savings,308831,2024-01-28,Port Mary
494,198,Savings,369574,2022-09-12,Jenniferview
495,564,Checking,238491,2024-08-31,Amyberg
496,958,Investment,838135,2020-01-21,East Vincent
497,216,Investment,862925,2023-01-28,North Michael
498,201,Checking,322396,2022-11-23,Dianeside
499,3,Investment,613312,2024-06-24,Abigailstad
500,409,Savings,160819,2024-07-04,Lake Jeffreystad
501,625,Investment,524703,2022-03-02,Wileystad
502,636,Investment,881892,2020-11-12,Port Brittany
503,564,Savings,739831,2022-07-06,Nelsonside
504,831,Investment,147012,2020-01-04,New Loriside
505,734,Checking,441769,2024-02-16,Port John
506,458,Investment,624797,2020-10-29,Lake Emilyberg
507,519,Savings,871422,2022-10-26,North Adrianchester
508,536,Savings,15441,2020-01-09,Maldonadoborough
509,373,Checking,255739,2024-07-03,East Samanthatown
510,518,Savings,432885,2024-08-06,Parkerhaven
511,225,Savings,982937,2022-09-29,Port John
512,835,Savings,580535,2023-08-15,West William
513,275,Savings,254158,2021-07-24,Meaganshire
514,642,Investment,402491,2023-12-18,Vegaside
515,600,Checking,90800,2019-11-24,Spencermouth
516,806,Savings,709134,2020-06-02,New Joelport
517,394,Checking,279181,2022-01-09,Richardsontown
518,483,Investment,225400,2023-11-13,Christianborough
519,942,Savings,876296,2020-12-25,Port Josephshire
520,132,Checking,384636,2021-08-28,Lake Melissa
521,646,Checking,991130,2023-12-29,Jessicastad
522,808,Savings,193174,2021-02-26,Nancyfort
523,265,Savings,620437,2020-04-01,Jennifermouth
524,495,Savings,916995,2020-02-06,Lyonsville
525,932,Investment,208941,2022-07-15,Port John
526,817,Checking,505437,2024-04-13,Lake Francisco
527,975,Investment,19675,2023-01-07,Robintown
528,458,Investment,764978,2024-03-31,Port Erica
529,803,Checking,400303,2021-11-10,East Ashleyshire
530,583,Investment,165252,2021-08-08,Dennisview
531,892,Investment,67274,2020-11-13,Lake Reginald
532,504,Checking,281952,2021-07-05,New Nicole
533,336,Savings,508827,2024-04-26,Port Brittanymouth
534,168,Savings,114761,2022-01-06,North Michael
535,362,Savings,426469,2020-01-04,New Lisahaven
536,596,Checking,330566,2023-03-15,Mariahstad
537,602,Checking,277404,2021-12-26,Jessicaton
538,88,Investment,272408,2021-06-10,Donaldside
539,640,Investment,95308,2020-12-12,Joanborough
540,882,Checking,137949,2024-06-13,Shaunmouth
541,307,Savings,198932,2019-11-29,Jonathanfurt
542,214,Investment,380381,2020-09-23,New Benjamin
543,654,Savings,627516,2022-05-19,Port Joseph
544,540,Checking,577716,2023-09-05,Lake Brett
545,694,Investment,388704,2021-05-29,East Amanda
546,220,Investment,411642,2024-08-31,Bakerland
547,609,Investment,576204,2022-08-31,Port Cameron
548,891,Investment,921251,2020-07-11,Fryshire
549,445,Checking,861506,2024-08-02,Port Erin
550,342,Checking,256479,2020-07-25,East Aaronland
551,355,Checking,908733,2022-03-29,Larsonview
552,840,Savings,175137,2024-03-11,Port Curtis
553,207,Checking,167758,2021-01-03,East Lindsey
554,539,Investment,151545,2023-02-21,Oliverton
555,814,Investment,136467,2023-02-06,Alexandrialand
556,762,Savings,889561,2023-02-04,Kathleenstad
557,714,Savings,294664,2024-03-23,Port Mary
558,820,Checking,771035,2021-03-22,Port Anne
559,132,Investment,507847,2020-12-02,East Claire
560,10,Checking,603883,2021-05-29,Michelleshire
561,450,Savings,483354,2023-02-16,Washingtonshire
562,216,Checking,989983,2022-07-25,South Kristina
563,944,Checking,331837,2021-01-13,Silvaview
564,498,Checking,749096,2022-08-02,Santiagofort
565,177,Checking,141071,2019-11-10,Lake Kaitlynstad
566,576,Savings,559398,2022-01-26,Sotoview
567,992,Investment,646354,2023-02-02,Townsendbury
568,520,Savings,361854,2023-07-09,North Stephanie
569,567,Savings,865364,2023-12-26,Port Autumn
570,936,Savings,695180,2023-08-18,Port Linda
571,802,Savings,230350,2021-02-04,Lake Christopher
572,872,Investment,709863,2020-10-22,West Elizabeth
573,972,Investment,243984,2021-02-22,North Steven
574,624,Checking,248726,2021-03-20,Guerrabury
575,358,Investment,154128,2021-03-26,Davishaven
576,366,Investment,281420,2022-07-27,Rogersview
577,774,Checking,925119,2020-08-08,West Michaelstad
578,919,Investment,6741,2022-10-17,Brownborough
579,123,Investment,303505,2021-02-04,Millerfort
580,21,Investment,652814,2024-09-10,Robinsonfurt
581,888,Savings,221556,2022-06-13,North Robert
582,538,Checking,334857,2020-03-27,Lake Andrewton
583,240,Savings,110796,2020-03-22,North Robert
584,587,Savings,901223,2020-08-13,New Jeffrey
585,619,Investment,508883,2022-06-04,North Ryan
586,854,Checking,189801,2019-10-03,North Ellen
587,884,Investment,387526,2022-01-16,East Holly
588,100,Investment,896205,2022-03-08,Port Michelletown
589,419,Investment,60201,2020-03-22,Jameshaven
590,975,Investment,959905,2022-10-26,East Sarah
591,37,Checking,966294,2022-06-30,Laurenview
592,213,Investment,957215,2022-05-21,Zacharytown
593,262,Savings,373921,2019-12-05,Danielstad
594,502,Savings,573286,2022-04-02,New Scott
595,483,Investment,942033,2023-09-10,Hernandezton
596,339,Checking,58242,2021-04-09,New Joanna
597,330,Checking,96081,2023-03-16,Johnsonton
598,224,Checking,493278,2019-11-29,Port Marissa
599,859,Savings,432289,2023-03-02,Nathanielfurt
600,748,Investment,562579,2020-12-01,West Daniel
601,155,Investment,47348,2023-05-05,Port Jenniferchester
602,131,Savings,487486,2020-12-08,East Sabrina
603,783,Investment,656522,2019-10-20,Lorimouth
604,713,Savings,208788,2020-06-22,Karenport
605,44,Checking,574450,2021-10-31,Martinezton
606,748,Savings,497172,2021-04-03,Harveymouth
607,287,Checking,609426,2023-01-11,Leemouth
608,431,Checking,620076,2024-04-08,Raymouth
609,317,Investment,885564,2021-07-11,Isaiahberg
610,863,Investment,154195,2020-12-19,East Sharonfurt
611,459,Checking,334871,2024-07-01,North Ronald
612,439,Checking,719532,2021-11-09,Port Gregory
613,64,Checking,697464,2024-02-17,South Joel
614,586,Checking,728625,2024-06-24,Alexandrafurt
615,791,Checking,499638,2022-07-27,South Christinefurt
616,512,Checking,785012,2022-11-07,Port Stephenfort
617,173,Savings,925506,2023-09-23,East Matthewchester
618,299,Checking,445894,2021-09-11,Bentleystad
619,714,Investment,387700,2020-10-13,Lake Hailey
620,184,Checking,834895,2023-08-18,North Kevin
621,124,Checking,506192,2023-12-13,Sharonside
622,924,Investment,873282,2024-07-07,Lake Jacobberg
623,674,Checking,34852,2022-09-21,East Johnfort
624,614,Savings,591777,2021-11-16,West Rachel
625,656,Checking,518603,2021-03-19,Kellyburgh
626,614,Investment,533105,2020-05-13,North Larry
627,666,Savings,196030,2021-10-05,Millertown
628,880,Checking,77167,2023-05-16,East Melissa
629,89,Investment,706381,2021-07-25,Port Deanna
630,139,Investment,462034,2022-09-28,East Jennifertown
631,943,Investment,798209,2021-02-09,East Stanleyville
632,782,Savings,327680,2022-10-01,North Susanshire
633,777,Investment,249567,2020-03-19,Donnafurt
634,796,Investment,900036,2020-01-15,Christianchester
635,127,Investment,223149,2020-09-28,North Kaylafort
636,704,Checking,620811,2021-04-30,Jenniferberg
637,219,Checking,812053,2021-03-24,East Lisabury
638,522,Checking,595591,2021-05-28,Leachport
639,95,Investment,180680,2022-06-06,Tylerland
640,387,Checking,705409,2020-03-12,Tinaburgh
641,463,Investment,1673,2021-10-29,South Anna
642,911,Checking,593718,2023-06-13,Jasonburgh
643,52,Savings,542908,2024-09-04,New Joshua
644,17,Checking,99238,2020-04-02,West Christopherhaven
645,34,Investment,153279,2020-10-05,Wilsonland
646,459,Investment,886615,2020-10-23,East Michaelport
647,787,Savings,527724,2021-08-30,North Maria
648,333,Investment,230246,2019-11-04,South Linda
649,572,Savings,875559,2022-09-14,Lake Brianna
650,879,Savings,762950,2023-09-11,East Zachary
651,471,Checking,733919,2022-01-06,West Jessica
652,535,Savings,648271,2021-09-26,Lake Brittany
653,80,Investment,910598,2023-05-29,Gatesmouth
654,29,Savings,738101,2022-10-07,Shannonstad
655,967,Checking,974034,2019-10-07,Brettmouth
656,152,Savings,973116,2024-09-26,New Deanna
657,855,Savings,895035,2023-01-06,Catherineside
658,773,Investment,317420,2023-05-05,Garyburgh
659,581,Checking,744081,2020-03-10,Tuckerview
660,316,Checking,24002,2020-06-22,Murphyport
661,937,Investment,118906,2024-02-26,New Jenniferville
662,115,Savings,950226,2022-09-14,Lake Jennabury
663,501,Checking,330008,2021-02-18,West Ashley
664,459,Investment,549281,2023-12-21,Lake Kevin
665,938,Savings,5008,2019-10-27,Williamsmouth
666,407,Investment,135157,2022-03-11,Davisberg
667,667,Investment,521923,2019-10-09,West Jacobfort
668,669,Investment,57882,2024-07-18,Port Alexander
669,960,Investment,599002,2021-10-25,South Johnside
670,141,Checking,746078,2022-05-15,Michaeltown
671,740,Investment,806975,2021-02-20,New Michael
672,491,Investment,276373,2021-11-09,Ianville
673,813,Checking,619397,2022-10-12,North Williamland
674,962,Investment,383945,2023-02-12,Seanland
675,488,Investment,46427,2022-12-24,Cruzborough
676,945,Investment,311468,2023-08-02,Kevinberg
677,998,Savings,462214,2023-10-26,Lucasmouth
678,276,Checking,250886,2021-01-17,East Ryan
679,729,Investment,620534,2021-08-13,Theodorehaven
680,13,Checking,15043,2022-07-01,Schmidttown
681,109,Savings,909859,2020-10-21,North Daniel
682,14,Savings,74823,2022-10-11,Juanmouth
683,108,Checking,59433,2021-07-05,New John
684,726,Investment,30983,2020-02-20,Craigton
685,902,Checking,777497,2022-03-18,Valerieview
686,270,Savings,473478,2022-04-23,New Loretta
687,114,Savings,577009,2020-12-20,Annastad
688,59,Savings,226182,2020-10-26,Darrellland
689,939,Savings,108608,2021-11-25,Youngville
690,898,Savings,177203,2024-09-04,Jonesstad
691,314,Investment,400455,2023-07-06,Lisafort
692,200,Checking,963843,2020-03-24,North Cindy
693,701,Investment,582024,2020-04-02,West Julie
694,823,Checking,349611,2022-09-04,Beckyberg
695,762,Investment,894274,2019-11-20,New Ashley
696,546,Checking,109526,2023-04-15,West Williamborough
697,523,Investment,340111,2024-08-05,East Reginaldfurt
698,281,Investment,888236,2023-09-29,South Christopherland
699,850,Investment,157777,2022-04-08,Danielsfort
700,788,Savings,445388,2023-04-27,Marymouth
701,665,Savings,98395,2024-07-30,Lake Tanyashire
702,677,Savings,737636,2024-07-25,Wattsmouth
703,542,Investment,794331,2024-03-03,New Julie
704,967,Investment,347830,2023-07-10,Harrisport
705,557,Investment,481745,2023-07-12,West Jaredberg
706,840,Savings,868912,2022-08-05,Randymouth
707,466,Investment,95519,2021-09-20,Nicholasbury
708,47,Investment,88511,2023-03-28,New Juliatown
709,305,Checking,512074,2021-12-18,Lake Devinfurt
710,899,Savings,363348,2023-09-08,Port Ashleymouth
711,929,Checking,835104,2024-04-11,Tiffanystad
712,137,Checking,660346,2022-02-14,North John
713,912,Checking,824509,2021-01-03,East Rhondaview
714,116,Checking,307236,2021-02-12,Thompsonchester
715,660,Investment,491522,2023-05-13,North Amandahaven
716,274,Checking,377207,2023-10-06,North Juanborough
717,330,Investment,854553,2020-05-06,Figueroaland
718,89,Checking,498225,2020-01-01,Millerfurt
719,78,Investment,374303,2020-04-07,North Christophertown
720,642,Investment,328317,2021-01-25,North Laura
721,979,Investment,945619,2021-04-09,Randolphmouth
722,286,Checking,971697,2023-10-29,New Janetside
723,900,Savings,240259,2022-09-07,East Dianestad
724,562,Checking,887017,2021-07-09,Austinhaven
725,641,Checking,278541,2020-01-15,Charlenefurt
726,329,Savings,273568,2021-03-05,Lauraside
727,236,Checking,370885,2022-10-12,Camachofort
728,827,Savings,86284,2021-01-22,Brandonburgh
729,524,Savings,462636,2023-10-21,Scottbury
730,979,Checking,989369,2023-10-19,West Christopherberg
731,709,Savings,293450,2022-07-02,East Karen
732,430,Investment,965998,2019-11-03,Lake Brittany
733,627,Savings,872451,2023-07-28,New Erica
734,121,Investment,662840,2024-01-15,New Bobbyton
735,999,Investment,855133,2019-12-16,Jeremiahshire
736,80,Checking,75350,2021-10-14,Bonnieton
737,234,Investment,579571,2021-11-17,Spencertown
738,69,Checking,963956,2024-06-10,Thomasmouth
739,418,Investment,553390,2024-02-19,South Melissaview
740,451,Investment,808431,2022-05-19,Amandabury
741,231,Checking,961038,2022-03-15,Lindseychester
742,130,Checking,185647,2021-04-01,South Donnatown
743,355,Investment,783418,2021-10-05,Lake Benjamin
744,247,Checking,392070,2024-04-29,Powellshire
745,918,Investment,500678,2021-09-09,West Judy
746,316,Savings,504144,2024-03-10,Chelseyside
747,507,Checking,201443,2024-01-30,East Jesus
748,573,Savings,465673,2020-03-14,Mosleyhaven
749,472,Checking,88067,2020-06-09,Port Tiffany
750,809,Checking,552506,2024-03-26,North Zachary
751,372,Checking,259594,2021-02-04,West Raymond
752,328,Savings,425165,2022-04-12,Garciafort
753,5,Investment,463907,2023-01-26,Taylorport
754,15,Investment,175983,2024-05-28,Nelsonchester
755,927,Checking,662656,2021-04-16,New Alisonborough
756,851,Investment,791061,2024-07-05,Boothshire
757,62,Checking,666547,2023-01-05,Dennisshire
758,311,Investment,356335,2023-01-15,New Julieshire
759,559,Checking,7853,2024-07-16,Kevinfort
760,610,Checking,899747,2023-07-08,North Jeffreyview
761,326,Checking,981951,2021-05-06,Port Jeffrey
762,251,Savings,446878,2022-01-20,East Lynnbury
763,486,Investment,357897,2021-02-22,Yatesside
764,455,Checking,399517,2022-03-14,New Joe
765,440,Investment,106864,2022-10-16,Port Barbara
766,135,Investment,555385,2023-07-22,Jasonland
767,548,Investment,201046,2024-07-13,North Michaelland
768,429,Checking,287493,2021-09-08,Murphyton
769,767,Checking,335312,2023-11-26,Port Brandon
770,758,Checking,677564,2022-09-06,East John
771,872,Checking,831155,2022-10-01,New Melissa
772,463,Checking,348295,2022-12-30,Port Timothyfurt
773,544,Savings,814766,2023-11-10,Janiceshire
774,918,Checking,114551,2020-07-09,Brownborough
775,620,Savings,542132,2021-08-05,West Karenmouth
776,939,Investment,619421,2022-04-27,Jonesburgh
777,162,Checking,414792,2023-07-21,Jadechester
778,18,Savings,219007,2021-01-05,Michellemouth
779,866,Investment,234664,2020-10-31,Lake Robin
780,232,Checking,834310,2024-08-10,North Gregory
781,102,Checking,138583,2019-12-07,West Elizabeth
782,756,Checking,932895,2020-10-09,Johnborough
783,453,Checking,721729,2023-08-26,Ryanchester
784,426,Savings,943862,2022-11-02,Kaylaborough
785,584,Investment,647867,2023-12-25,Newmanstad
786,363,Checking,188536,2024-05-26,Lawsonchester
787,491,Investment,438141,2019-11-17,Lake Ginaborough
788,526,Savings,345867,2019-10-17,Simpsonhaven
789,131,Savings,85604,2024-04-06,North Brooke
790,178,Investment,984575,2023-02-09,Williamsstad
791,957,Savings,826161,2020-06-15,Stewartfort
792,998,Checking,651425,2023-09-02,North Christopherborough
793,220,Checking,704968,2023-04-08,Rodrigueztown
794,627,Investment,36418,2024-05-09,Port Thomasport
795,713,Investment,257969,2024-02-26,West Charlesborough
796,898,Checking,750486,2019-10-18,Kellyton
797,833,Checking,990655,2024-04-20,Nelsonport
798,952,Savings,891916,2022-09-01,East Kevin
799,734,Savings,461222,2023-03-29,South Rebeccamouth
800,971,Savings,836318,2023-08-13,West Vickiton
801,293,Investment,402632,2024-04-01,New Grace
802,598,Checking,235869,2022-04-13,Lake Melindahaven
803,967,Investment,973837,2021-01-12,Richardfort
804,113,Investment,232969,2022-01-20,Laramouth
805,204,Investment,769164,2022-03-13,Riveraville
806,803,Savings,396629,2022-11-10,New Johnland
807,715,Checking,457687,2022-02-13,Kristenside
808,489,Checking,139068,2020-06-10,West Josephchester
809,379,Checking,518822,2021-10-22,Sarahchester
810,932,Checking,296837,2024-08-19,Lanefort
811,518,Savings,69987,2024-05-24,North Michealborough
812,211,Checking,513153,2024-08-05,Thomasborough
813,540,Investment,271277,2021-12-05,East Audreyville
814,57,Investment,69922,2021-09-04,West Ericville
815,639,Investment,686734,2022-04-26,Dwayneton
816,790,Checking,782323,2021-05-07,West Adam
817,268,Savings,606666,2019-10-18,West Kristen
818,891,Checking,172621,2021-01-14,West Kimberly
819,414,Investment,829945,2024-09-08,Deniseview
820,675,Savings,539187,2024-07-10,West Wayne
821,554,Investment,174378,2022-01-14,South Carolyn
822,651,Investment,873629,2021-10-05,South Albert
823,939,Checking,216237,2021-08-11,East Kristamouth
824,174,Investment,505142,2024-08-31,North Nicholasburgh
825,848,Checking,908332,2024-01-08,New Davidmouth
826,630,Savings,78161,2019-11-16,Burtonhaven
827,236,Investment,879533,2020-03-25,Russellmouth
828,115,Checking,367849,2023-04-29,Greenshire
829,862,Savings,913332,2023-02-03,North John
830,307,Investment,890651,2024-01-10,Dylanbury
831,231,Savings,787186,2020-04-15,West Jermaineburgh
832,489,Investment,391256,2023-09-22,Steeleshire
833,707,Investment,825065,2020-11-17,Schultzton
834,884,Checking,23941,2022-01-22,North Rachel
835,553,Investment,64389,2019-10-06,Alberthaven
836,549,Investment,519799,2021-01-31,West Craigshire
837,41,Savings,808072,2021-10-26,Thompsonstad
838,579,Checking,790425,2022-03-01,East Gregory
839,869,Savings,100726,2021-07-01,Sandersmouth
840,17,Investment,374417,2020-03-15,New Dylan
841,978,Savings,301428,2020-03-07,Port Leslieberg
842,306,Checking,421999,2021-04-20,South Kristinabury
843,136,Investment,244554,2019-10-21,Kirkmouth
844,767,Checking,235045,2024-03-24,Mileston
845,749,Savings,38297,2020-03-29,Toddburgh
846,850,Investment,723023,2023-05-12,Jessicahaven
847,111,Savings,64821,2022-04-29,Weissberg
848,920,Investment,26049,2023-10-17,Bethanychester
849,189,Investment,57677,2019-12-10,Matthewbury
850,975,Investment,737362,2021-01-30,North Marthafort
851,193,Investment,433897,2023-10-22,Kaylahaven
852,535,Investment,164686,2020-05-05,Gregoryfort
853,471,Savings,713923,2021-03-09,Lake Michael
854,330,Checking,686950,2022-02-04,Perezbury
855,998,Savings,294845,2020-08-26,Lake Jenniferberg
856,301,Investment,519150,2021-12-01,Geraldmouth
857,123,Investment,949092,2020-08-02,Port Brandonhaven
858,994,Savings,975818,2020-11-30,South David
859,464,Checking,44751,2023-12-01,Jasonfort
860,443,Checking,137577,2021-01-02,South Jeffreystad
861,31,Investment,719015,2023-08-01,Lake Josephton
862,108,Investment,778205,2022-06-16,North Alexanderborough
863,870,Savings,295919,2022-08-09,Lake Catherine
864,656,Checking,702957,2023-11-20,Wardchester
865,846,Checking,67396,2023-01-01,Port William
866,423,Savings,816751,2019-10-25,West Jennifer
867,245,Checking,133815,2023-08-26,Lake Jennifer
868,134,Checking,859439,2023-08-03,North Jamie
869,884,Checking,91194,2022-11-23,South Brianna
870,178,Savings,570823,2020-09-25,West Jennifer
871,116,Checking,174944,2023-08-22,Cobbside
872,761,Checking,805920,2020-03-23,North Lisa
873,375,Investment,571232,2021-03-20,East Andrew
874,368,Investment,212709,2023-05-13,Scotttown
875,56,Checking,340809,2019-12-19,Lake Charlesbury
876,81,Investment,569161,2020-02-27,Walkerside
877,538,Investment,53985,2020-09-26,Lake Erinside
878,376,Savings,390611,2020-10-24,New Gregory
879,772,Investment,631983,2023-06-14,North James
880,539,Savings,268038,2023-08-31,South Emmaview
881,66,Investment,641437,2022-12-22,Anthonytown
882,176,Checking,171460,2024-01-26,South Markview
883,175,Investment,946326,2021-12-05,Jessicafort
884,394,Savings,779867,2020-11-10,Timothyville
885,623,Checking,16174,2020-11-24,Carlbury
886,697,Investment,162712,2024-06-20,Solomontown
887,235,Investment,23827,2022-04-20,Kennethborough
888,754,Savings,746022,2022-01-09,Jonathanshire
889,875,Checking,644863,2021-04-02,Lake John
890,62,Savings,246202,2023-06-25,Natalieton
891,803,Checking,610984,2022-05-18,Lake Sherriland
892,379,Checking,458240,2022-08-03,Williamschester
893,330,Checking,192185,2022-09-10,Nicholsfurt
894,422,Investment,27900,2023-02-20,Jeffreyshire
895,900,Investment,371575,2020-10-13,Port Daniellestad
896,614,Savings,201924,2020-05-15,Sarahberg
897,427,Investment,380409,2023-07-09,South Michael
898,331,Checking,815287,2024-06-06,Marvintown
899,695,Checking,477349,2023-12-31,Lisachester
900,774,Checking,491711,2020-08-10,Elizabethshire
901,776,Investment,379848,2024-05-13,Lake Anthonyhaven
902,363,Investment,22421,2022-12-12,Mcdonaldmouth
903,454,Investment,250571,2021-01-08,South Nicholasfort
904,2,Checking,32362,2023-05-27,North Kathleen
905,615,Investment,411243,2019-10-23,Port Francisburgh
906,16,Investment,20689,2023-02-26,Catherineburgh
907,828,Investment,610336,2022-09-27,New Melissaborough
908,720,Checking,746935,2024-04-06,Calvinland
909,677,Savings,984907,2019-11-14,Julieside
910,826,Savings,536563,2021-07-16,Jonathanfurt
911,492,Checking,729042,2022-07-03,Phillipsburgh
912,405,Investment,996068,2022-03-23,Port Jasonbury
913,539,Savings,292452,2021-04-24,West Christopherport
914,0,Checking,504648,2024-07-21,Christopherton
915,814,Checking,672107,2021-03-14,Mannborough
916,177,Investment,715287,2024-06-10,Hicksborough
917,894,Savings,720985,2019-11-15,Port Lindsaymouth
918,445,Savings,586856,2024-09-03,North Ethanmouth
919,975,Checking,781199,2022-11-02,Michaelview
920,84,Checking,879393,2024-03-16,East Elizabeth
921,735,Investment,119817,2024-09-16,Sheltonchester
922,291,Investment,614825,2022-07-09,Lake Christopher
923,315,Investment,850697,2022-11-29,South Susan
924,64,Investment,774694,2021-01-12,Griffinfurt
925,743,Savings,52642,2021-12-13,West Teresaberg
926,536,Savings,776422,2022-03-11,West Timothy
927,395,Savings,113163,2021-07-06,Garciaberg
928,308,Checking,454435,2019-11-13,North Johnchester
929,152,Savings,194931,2024-05-21,Port Kaitlynburgh
930,33,Savings,188176,2024-02-15,New Heather
931,627,Checking,799608,2022-08-22,Port Maureenfurt
932,284,Checking,575145,2021-07-28,Perezmouth
933,325,Savings,633275,2024-07-22,Williambury
934,860,Savings,436563,2020-11-28,Ryanside
935,361,Checking,175991,2020-07-08,New David
936,68,Checking,537784,2024-06-13,North Jennifer
937,718,Checking,561574,2022-06-29,Lake Lauren
938,694,Checking,504253,2022-01-25,South John
939,673,Checking,395355,2020-05-20,Williamstown
940,349,Checking,768592,2024-01-11,East Megantown
941,64,Savings,445944,2021-10-01,Mollyshire
942,106,Investment,837477,2021-06-03,Julieborough
943,334,Checking,297228,2021-09-06,Smithberg
944,899,Investment,661545,2020-11-25,Lake Robert
945,127,Investment,489094,2022-07-05,Grosschester
946,100,Investment,497452,2021-11-17,Lake Christopherland
947,476,Savings,571595,2020-07-08,Jacquelineburgh
948,943,Investment,780443,2020-10-10,North Janeville
949,128,Checking,640376,2022-09-27,Lake Lauren
950,556,Savings,350326,2023-08-25,Shanemouth
951,37,Investment,63727,2020-02-12,West Vanessa
952,272,Investment,927486,2024-06-29,West Michaelastad
953,372,Checking,702402,2019-10-12,North Brent
954,471,Savings,368281,2020-03-11,South Bonnietown
955,361,Checking,354601,2023-02-22,Jamesville
956,53,Investment,170884,2022-11-20,Port Donna
957,115,Investment,128598,2021-11-24,Carrollhaven
958,376,Savings,729135,2021-05-21,Amandachester
959,493,Checking,919717,2022-04-17,East Melissa
960,114,Savings,619410,2022-10-03,Catherineborough
961,622,Investment,524211,2022-04-08,Mckinneyland
962,349,Savings,983031,2022-03-08,West Michael
963,581,Checking,480855,2020-09-27,Karenhaven
964,563,Checking,593657,2021-08-27,Rodriguezview
965,651,Savings,504004,2024-01-10,Blairburgh
966,441,Checking,39520,2019-12-13,East Paulchester
967,471,Investment,238476,2024-09-09,Wilsonberg
968,507,Savings,917597,2021-08-16,Lake Georgechester
969,140,Savings,802520,2020-08-04,Hartburgh
970,783,Investment,613399,2023-12-09,South Robert
971,166,Savings,138009,2024-01-10,Lake Thomas
972,27,Checking,472899,2022-09-20,Ryanland
973,985,Savings,304638,2022-01-30,Port Gregory
974,365,Checking,506209,2023-06-02,Josephburgh
975,192,Investment,108712,2021-04-05,East William
976,523,Investment,715757,2022-08-04,Sarahland
977,522,Checking,143429,2021-03-14,Valdezmouth
978,386,Savings,296991,2020-02-18,New Gerald
979,134,Checking,124665,2022-08-25,East Pamelamouth
980,663,Checking,503950,2022-05-17,Gibsonport
981,199,Investment,382694,2024-01-31,North Josephmouth
982,809,Investment,418585,2021-03-29,Stanleyfort
983,771,Checking,62346,2021-08-09,West Marymouth
984,800,Investment,903338,2024-05-06,Christopherland
985,86,Savings,648712,2019-12-10,Randallshire
986,491,Investment,395086,2023-12-16,Port Annettemouth
987,42,Savings,575244,2021-06-03,Lake Kenneth
988,697,Checking,455986,2021-01-14,Port Jacqueline
989,87,Savings,412090,2024-09-15,Lake Jesusburgh
990,123,Savings,822471,2021-04-27,Harrischester
991,587,Savings,139551,2024-04-14,Gonzalesberg
992,588,Savings,944053,2024-02-19,Crawfordview
993,34,Checking,612419,2022-03-03,South Joseph
994,434,Checking,37639,2020-08-31,Thomasbury
995,331,Savings,541347,2022-02-02,Kingtown
996,21,Investment,708549,2022-01-15,New Holly
997,216,Checking,104626,2020-08-15,Lake Jessemouth
998,357,Checking,519175,2023-03-07,East Michael
999,758,Savings,353314,2021-07-11,Stantonview
1000,526,Investment,372520,2019-11-06,New Matthewville
1001,920,Investment,401672,2023-03-01,Wheelerland
1002,223,Investment,718452,2024-08-05,Anneland
1003,233,Checking,875603,2021-05-11,Holmesland
1004,747,Checking,888144,2024-07-06,South Tabitha
1005,302,Checking,129704,2024-02-13,Port Luke
1006,354,Checking,66571,2019-11-09,Lake Patrickport
1007,96,Investment,214778,2021-08-20,Lake Stephanie
1008,330,Savings,656208,2022-02-23,New Richard
1009,686,Checking,164341,2020-02-04,Port Timothy
1010,200,Investment,687179,2022-05-23,South William
1011,205,Checking,566523,2021-08-22,New Jamiefort
1012,206,Checking,295361,2024-06-10,Port Jamesside
1013,754,Savings,265569,2022-12-06,East Brandy
1014,749,Savings,646373,2021-03-09,New Ryan
1015,466,Investment,672730,2024-01-29,Hendersonton
1016,363,Investment,212418,2021-12-31,Nancyshire
1017,756,Checking,846175,2019-12-27,South Kayla
1018,811,Savings,706314,2020-06-07,Richardsonberg
1019,834,Checking,769890,2024-04-30,Port Christineland
1020,510,Savings,800336,2023-01-13,Mendezstad
1021,803,Savings,599397,2022-03-07,South Patrick
1022,472,Savings,587098,2020-01-07,Scottmouth
1023,356,Investment,88235,2024-05-25,Harristown
1024,539,Savings,562756,2023-11-10,Valenciafurt
1025,125,Investment,817871,2023-08-11,East Jamesside
1026,158,Savings,451280,2023-12-03,West Shelleyport
1027,152,Savings,720753,2024-05-12,Port Jesus
1028,474,Investment,936604,2023-10-20,South Richard
1029,179,Savings,807656,2022-12-27,Lake Kristentown
1030,371,Savings,280126,2023-12-25,Stacyborough
1031,628,Checking,703125,2023-03-02,North Daniel
1032,379,Investment,987493,2021-10-28,Port Corey
1033,454,Investment,817238,2023-12-09,Warrenborough
1034,271,Savings,762643,2021-11-28,West Briannafurt
1035,800,Investment,221284,2024-03-03,Houseport
1036,162,Investment,73439,2020-11-04,North Lisa
1037,238,Investment,364796,2023-11-09,Welchshire
1038,160,Checking,817233,2023-04-19,Amyville
1039,313,Savings,425214,2024-07-26,West Courtneyton
1040,281,Checking,795461,2020-09-21,Lake Danielle
1041,959,Checking,635630,2022-05-27,Brianland
1042,412,Savings,490160,2020-12-01,Stanleyfort
1043,219,Investment,474728,2024-01-06,Jamiechester
1044,371,Investment,753220,2020-08-01,Jeremiahberg
1045,400,Investment,379831,2022-07-14,Odonnellmouth
1046,478,Checking,329809,2023-05-19,New Jessica
1047,480,Savings,650195,2024-01-30,New Marieview
1048,448,Savings,609667,2024-08-19,West Elizabeth
1049,65,Savings,307210,2022-09-27,Coleborough
1050,398,Investment,965338,2024-06-15,Ramseyport
1051,150,Checking,581285,2023-11-24,Lake Holly
1052,706,Investment,933477,2023-11-27,East Jennifer
1053,359,Investment,705573,2024-02-14,Maxwellbury
1054,261,Savings,99527,2020-03-07,Denisebury
1055,722,Savings,967136,2019-12-20,Huntside
1056,756,Checking,358036,2021-07-26,East Alyssafort
1057,962,Investment,97103,2020-08-15,New Joyceland
1058,710,Checking,641491,2019-11-21,Franklintown
1059,580,Savings,436403,2019-12-11,New Jasmine
1060,281,Checking,902778,2023-05-27,Duncanport
1061,693,Checking,506666,2023-01-10,South Tonyaville
1062,724,Investment,980707,2024-06-02,North Jennifer
1063,801,Checking,362303,2021-01-24,New Aaron
1064,450,Savings,643368,2023-06-18,West Sandraside
1065,523,Investment,30948,2022-12-16,South Christina
1066,541,Checking,863842,2020-01-24,North Christie
1067,102,Checking,968046,2024-01-21,Griffinville
1068,317,Checking,685125,2021-04-01,Mcfarlandview
1069,156,Savings,697381,2021-05-19,Lake Susan
1070,4,Investment,219852,2021-02-17,Brentshire
1071,677,Checking,431225,2020-02-05,Garyside
1072,968,Savings,427444,2023-05-16,Willieview
1073,356,Investment,168587,2021-09-18,Valeriebury
1074,884,Investment,833625,2021-07-09,New Stephanieport
1075,395,Checking,841330,2022-04-04,Schultzburgh
1076,410,Savings,715692,2022-07-20,East Robert
1077,890,Investment,547203,2019-12-08,South Joseph
1078,635,Checking,308963,2024-04-28,Port Traceyside
1079,565,Savings,513372,2021-08-12,Harrisonborough
1080,566,Investment,843916,2022-11-21,Sherrytown
1081,889,Savings,785695,2021-07-03,North Susanville
1082,714,Checking,347393,2023-02-19,East Adam
1083,468,Savings,722166,2023-06-08,Ericbury
1084,390,Savings,56776,2024-04-10,New Jennifer
1085,787,Checking,205966,2024-07-28,Rosarioside
1086,22,Savings,124290,2022-10-16,Richardburgh
1087,973,Checking,82853,2024-05-16,Williamsborough
1088,557,Checking,914271,2022-08-11,New Laurenfort
1089,127,Savings,812759,2020-06-17,Port Shannon
1090,34,Savings,750977,2019-12-17,North Kristiburgh
1091,661,Savings,349581,2020-02-06,Port Juliemouth
1092,840,Investment,828846,2021-06-05,Port Dorothychester
1093,933,Savings,570622,2021-02-18,Walkerland
1094,149,Savings,838829,2019-11-16,East Bretthaven
1095,320,Savings,911688,2023-04-13,West Lee
1096,669,Investment,545347,2024-09-22,Bruceport
1097,967,Savings,224959,2023-07-24,Lake Rachel
1098,59,Savings,875479,2024-06-17,Jimenezbury
1099,720,Investment,11133,2022-08-18,Lake Jillshire
1100,710,Checking,874421,2023-02-06,Kellerfurt
1101,563,Savings,205267,2020-06-19,West Ronald
1102,928,Investment,206915,2022-01-18,Saundersmouth
1103,258,Checking,601126,2019-12-24,New Steven
1104,488,Investment,778591,2022-04-17,Campbellmouth
1105,566,Savings,774282,2020-04-05,North Daniel
1106,257,Investment,620681,2023-06-25,New David
1107,333,Investment,731558,2020-03-14,North Carlos
1108,128,Savings,249079,2021-01-21,East Francisbury
1109,588,Checking,182703,2024-03-13,New Christopher
1110,314,Investment,492055,2022-12-22,Lake Kimberlyburgh
1111,481,Checking,466818,2023-06-30,Amberbury
1112,977,Checking,69097,2020-10-17,South Gloria
1113,35,Checking,387568,2020-07-01,Katherineland
1114,801,Savings,681387,2020-09-20,Deanborough
1115,140,Investment,581830,2020-01-02,South Katieshire
1116,940,Savings,237340,2023-05-22,West Karen
1117,83,Checking,515727,2022-05-10,Lindseyfurt
1118,945,Savings,752297,2022-06-17,Lake Randy
1119,848,Savings,42779,2022-03-10,New Hunter
1120,161,Savings,953142,2019-12-29,South Monique
1121,152,Investment,941621,2022-10-24,Michaelshire
1122,50,Savings,929720,2021-06-05,Jennyfort
1123,499,Checking,204126,2024-02-13,East Marisaport
1124,820,Savings,725054,2019-12-05,Kerryport
1125,157,Checking,377266,2022-12-17,Franklinville
1126,827,Checking,922387,2024-08-03,Port Larryton
1127,622,Savings,781744,2021-02-08,Jodyfort
1128,937,Savings,605625,2022-05-16,Kimfort
1129,886,Checking,883142,2024-08-28,Emilychester
1130,312,Savings,567444,2021-05-31,Riceville
1131,549,Savings,272418,2022-08-28,Diazton
1132,764,Investment,84581,2024-07-01,Morganhaven
1133,747,Investment,450593,2021-09-27,Jacksonmouth
1134,541,Savings,775514,2023-03-23,West Allisonchester
1135,407,Savings,152015,2020-12-26,South Melindaside
1136,205,Checking,861235,2021-08-24,Yatestown
1137,664,Investment,787887,2021-01-04,Toddfurt
1138,225,Investment,127368,2021-06-07,West Kathryn
1139,881,Savings,288794,2022-07-08,Michaelhaven
1140,16,Investment,393457,2023-01-27,Lake Justin
1141,680,Savings,81064,2023-07-30,Gregorychester
1142,943,Checking,377168,2021-12-28,Karaton
1143,400,Checking,405947,2024-02-09,Lake Cherylchester
1144,585,Checking,703099,2023-10-18,New Christopherchester
1145,283,Checking,987818,2023-04-07,South Margaretside
1146,482,Investment,357485,2023-07-05,Port Valerie
1147,6,Savings,824617,2024-02-03,East Joseph
1148,832,Savings,892558,2022-03-14,Heidiville
1149,766,Checking,222160,2020-03-31,Zacharyside
1150,983,Investment,553851,2020-10-17,Cookberg
1151,867,Savings,55349,2020-06-01,East Christopher
1152,930,Checking,134511,2023-11-29,New Andrew
1153,952,Savings,204699,2023-05-24,Scottview
1154,273,Checking,572713,2020-03-05,Cindystad
1155,420,Checking,945491,2024-08-02,Nicolebury
1156,710,Investment,679985,2024-04-03,Port Isabel
1157,691,Investment,910039,2023-12-09,Adamsfort
1158,16,Checking,983260,2023-05-13,Tinaville
1159,638,Savings,383874,2020-03-13,Rachelmouth
1160,884,Savings,560170,2022-04-14,Jenniferbury
1161,377,Savings,932315,2023-05-28,Lake Michael
1162,545,Checking,103968,2021-11-10,North Deborahborough
1163,643,Checking,533041,2023-05-25,South Annland
1164,706,Savings,400097,2024-03-13,Port Ianbury
1165,951,Investment,474774,2021-09-05,Barbarafort
1166,470,Checking,449594,2022-01-30,Kevinside
1167,341,Savings,947878,2022-11-15,Robinsonfort
1168,707,Checking,730479,2024-07-23,South Renee
1169,947,Investment,130883,2023-06-02,Michelleview
1170,485,Savings,450732,2020-10-15,Lake Matthewside
1171,636,Investment,61546,2022-02-28,South Elizabethtown
1172,123,Investment,898657,2021-02-23,North Christopher
1173,127,Checking,141325,2023-12-31,Lauratown
1174,268,Checking,530188,2022-05-12,New Christinemouth
1175,580,Savings,967716,2024-05-14,New Melissa
1176,206,Investment,947453,2023-07-22,New Collin
1177,260,Checking,748869,2021-05-01,Douglaschester
1178,934,Checking,268906,2020-09-04,Michelleburgh
1179,544,Savings,346227,2021-04-04,West Craig
1180,886,Checking,254256,2020-11-29,North Wesleyside
1181,550,Checking,820883,2024-05-07,Lake Royview
1182,659,Investment,30223,2021-03-22,Barnesmouth
1183,137,Investment,744543,2022-07-20,New Jordanville
1184,410,Investment,248486,2020-06-22,North Jonathan
1185,732,Savings,259195,2022-07-12,Port Anthony
1186,193,Checking,27534,2021-04-21,Jamesville
1187,145,Savings,544533,2022-04-12,Mistyborough
1188,733,Savings,4631,2021-04-02,South Tinaberg
1189,259,Checking,2873,2022-09-15,Moonhaven
1190,363,Investment,16505,2020-01-14,Marybury
1191,63,Savings,626928,2021-10-17,Alexandrashire
1192,470,Checking,114228,2020-10-25,Alexandraburgh
1193,339,Savings,367391,2024-07-06,Armstrongport
1194,681,Investment,253363,2020-05-30,East Joshuaside
1195,490,Savings,548429,2020-02-05,New Kerri
1196,353,Investment,92871,2022-06-28,Veronicafurt
1197,455,Savings,338117,2024-08-23,East Ryanton
1198,442,Checking,457342,2020-12-14,Port Ryanshire
1199,335,Checking,183974,2020-02-08,Johnsonfurt
1200,756,Savings,546045,2021-04-30,Timothymouth
1201,657,Savings,749578,2019-10-30,South Diane
1202,380,Investment,719595,2022-12-01,Ryanburgh
1203,197,Checking,631041,2021-03-09,Robinfurt
1204,763,Investment,112144,2023-07-22,Rodriguezton
1205,155,Savings,315261,2021-10-19,Piercefort
1206,651,Checking,576946,2021-05-12,North Jerrybury
1207,403,Investment,244907,2021-04-21,East David
1208,600,Checking,735423,2024-01-01,Adammouth
1209,428,Savings,16085,2022-03-07,Angelafort
1210,113,Savings,633706,2023-09-13,Thomasland
1211,348,Checking,57609,2020-10-04,New Nancy
1212,451,Savings,53619,2024-06-26,North Williamstad
1213,923,Checking,362264,2020-02-23,Lake Ryan
1214,246,Investment,393899,2020-09-19,New Joshuastad
1215,634,Savings,955411,2020-12-01,Alvarezview
1216,37,Investment,356359,2021-11-09,Warnerport
1217,557,Investment,238761,2023-04-09,Craigstad
1218,623,Savings,462673,2021-09-11,New Matthewmouth
1219,906,Checking,793839,2022-01-08,Mcdowellburgh
1220,113,Checking,962029,2022-03-20,South Ashleybury
1221,774,Savings,985326,2022-09-03,East Mitchell
1222,782,Investment,563139,2022-03-30,South Zacharyside
1223,27,Checking,598620,2021-03-12,Clarkstad
1224,845,Checking,145636,2023-09-04,South Megan
1225,856,Checking,380444,2024-07-24,Port Andrea
1226,362,Checking,899385,2024-05-21,South Joshua
1227,717,Savings,637176,2024-04-10,North Randyville
1228,941,Savings,600168,2021-01-30,Lake Diana
1229,333,Investment,37325,2022-10-27,Lake Nicholasland
1230,775,Investment,79689,2020-01-25,South Jeffreyfurt
1231,791,Investment,207764,2021-01-25,Port Steventown
1232,827,Checking,458561,2024-08-09,North Lauren
1233,173,Investment,288237,2021-10-03,Lake Nicholasbury
1234,644,Investment,532730,2023-06-25,Audreyland
1235,47,Savings,35933,2021-03-19,North Carlamouth
1236,38,Investment,590755,2022-04-02,Zacharyburgh
1237,856,Checking,951988,2023-08-19,South Douglasburgh
1238,362,Checking,828513,2022-01-08,Ambermouth
1239,419,Savings,211448,2022-04-07,Joseberg
1240,571,Savings,616811,2020-04-16,Davidside
1241,543,Investment,975594,2020-04-17,New Madisonmouth
1242,189,Checking,532836,2022-08-09,Lorishire
1243,123,Savings,856040,2020-07-16,Pinedafort
1244,473,Investment,782240,2021-11-22,New Matthewland
1245,785,Savings,320741,2019-10-11,South Vickie
1246,571,Investment,618074,2020-01-12,Campbellton
1247,152,Savings,193739,2021-09-06,North Samanthaton
1248,621,Investment,497977,2023-08-28,Lake Sean
1249,2,Checking,937931,2023-06-03,Lake Jessica
1250,351,Checking,625948,2020-11-09,Debraton
1251,395,Checking,768684,2024-06-15,Hernandezview
1252,93,Investment,686621,2023-11-27,Faulknerbury
1253,357,Investment,598262,2024-09-18,Port Jacobhaven
1254,367,Investment,661416,2024-04-25,Brendaland
1255,919,Savings,660280,2020-12-11,Guerreroside
1256,509,Savings,779226,2021-03-12,North Ashley
1257,527,Checking,300333,2021-09-24,Saraside
1258,688,Checking,781661,2023-08-19,North Garyshire
1259,655,Investment,72305,2021-07-17,Port Anthonychester
1260,561,Investment,774633,2024-01-17,North Patricia
1261,328,Savings,858540,2023-06-30,New Rebecca
1262,228,Investment,61656,2024-04-22,East Bryan
1263,812,Checking,594246,2020-07-10,South Caseyport
1264,968,Investment,875203,2019-11-24,Briannaton
1265,654,Checking,925641,2021-09-19,Angelaville
1266,346,Savings,19189,2021-12-31,Perezport
1267,789,Investment,72178,2020-04-18,New Ashley
1268,308,Checking,373243,2024-02-02,North Catherineberg
1269,592,Investment,955555,2020-01-26,Lisaville
1270,77,Savings,803504,2021-01-06,North Keith
1271,452,Savings,305896,2024-02-18,Lake Bradleyside
1272,350,Checking,416459,2023-06-06,Marissaside
1273,890,Checking,839240,2023-03-24,Natalieview
1274,189,Checking,673348,2023-09-19,Justinview
1275,872,Investment,683898,2020-07-04,Donnaport
1276,959,Investment,277767,2023-05-26,North John
1277,195,Savings,508391,2020-09-12,East Thomas
1278,389,Savings,987751,2020-05-15,Calebfort
1279,355,Checking,20952,2021-12-23,New Joshuaview
1280,474,Investment,677181,2021-11-15,Teresaberg
1281,103,Checking,565018,2020-02-04,Gomezborough
1282,564,Savings,782073,2022-10-04,Lake Davidhaven
1283,412,Checking,539699,2023-05-17,Lake Heatherport
1284,174,Checking,465154,2019-12-22,Paceton
1285,258,Savings,188613,2024-02-03,Lake John
1286,325,Investment,923482,2019-12-16,Lake Deborah
1287,623,Investment,267382,2023-12-15,South Ashleyburgh
1288,196,Checking,146092,2021-07-16,New Andre
1289,173,Investment,369836,2020-01-19,Hessberg
1290,802,Investment,788059,2020-04-12,South Teresa
1291,123,Checking,663230,2020-07-30,Huertafurt
1292,120,Savings,908570,2022-02-28,North David
1293,674,Savings,514948,2022-03-31,West Lonnieside
1294,362,Checking,738670,2024-05-01,Davisbury
1295,212,Savings,541163,2021-10-15,Kelleystad
1296,592,Checking,12301,2022-02-08,Vasquezborough
1297,200,Investment,295572,2022-02-05,Cooperhaven
1298,666,Checking,866688,2022-10-17,Lake Sherrystad
1299,894,Savings,732308,2019-11-13,West Michael
1300,935,Investment,459559,2022-12-24,East Briannamouth
1301,240,Investment,651402,2022-05-31,Crawfordchester
1302,548,Savings,958146,2022-07-05,Port Heather
1303,814,Investment,781475,2023-10-12,North Ashley
1304,149,Investment,207783,2021-04-28,Crosbychester
1305,731,Savings,374510,2022-03-13,South Crystalburgh
1306,315,Checking,737501,2023-08-05,West Kelly
1307,692,Investment,345961,2020-10-08,Priceton
1308,350,Savings,969363,2020-07-27,Larrymouth
1309,761,Savings,807118,2024-06-18,Jacksonhaven
1310,254,Investment,639207,2019-11-26,Beckyton
1311,529,Checking,274252,2024-06-24,New Keithton
1312,712,Checking,927985,2024-06-04,New Barbara
1313,730,Savings,667363,2020-05-04,New Marioland
1314,821,Savings,502558,2023-08-01,Marshallchester
1315,705,Checking,473807,2020-04-19,Port Charles
1316,181,Investment,671221,2020-01-27,New Joyberg
1317,977,Investment,112263,2019-10-12,Lake Brandon
1318,368,Savings,669748,2022-05-10,Port Brianland
1319,533,Savings,170855,2020-06-12,West Christopherside
1320,801,Savings,235866,2022-05-15,Loriborough
1321,571,Savings,258272,2021-09-03,North Joshua
1322,936,Checking,971763,2023-08-21,South Joseph
1323,218,Investment,904729,2023-12-19,Perezburgh
1324,260,Savings,103448,2021-05-25,South Robertport
1325,990,Savings,103241,2022-09-07,Gloverside
1326,713,Savings,401182,2021-01-31,Raymondton
1327,751,Investment,298713,2023-10-14,New Timothyhaven
1328,70,Savings,458876,2021-04-26,Adamshire
1329,578,Savings,120321,2020-03-07,Martinton
1330,130,Checking,964808,2022-01-05,Lake Rebecca
1331,145,Investment,933102,2022-12-15,Harrisport
1332,766,Checking,681023,2024-06-09,Steventown
1333,813,Savings,997752,2021-09-18,New Sarah
1334,160,Investment,242255,2021-03-04,Kristenhaven
1335,893,Checking,405256,2024-04-06,Peterburgh
1336,492,Checking,182477,2024-06-04,North Jenniferview
1337,141,Savings,86595,2021-09-05,Lake Brooke
1338,114,Investment,919805,2020-07-26,Berryshire
1339,745,Savings,378772,2023-12-26,North Hector
1340,584,Savings,193102,2024-03-21,Williamston
1341,755,Investment,636482,2020-07-24,New Saramouth
1342,696,Savings,463408,2020-12-05,Hooverberg
1343,792,Savings,148182,2020-10-08,West Kristinaberg
1344,537,Investment,81339,2023-04-09,East Scott
1345,995,Checking,849064,2022-08-18,Washingtonfort
1346,960,Savings,418008,2021-12-05,Travisfort
1347,961,Savings,727710,2022-06-02,North Hollytown
1348,100,Savings,168793,2021-05-17,Meganland
1349,919,Savings,336531,2022-03-21,Wilsonfort
1350,705,Investment,588199,2023-11-10,South Christopher
1351,746,Checking,718847,2022-10-13,West Nicoleborough
1352,767,Investment,864317,2020-12-05,West Jasontown
1353,99,Investment,412270,2024-05-27,North Nicholas
1354,873,Investment,632572,2023-11-04,Jenniferstad
1355,661,Checking,142534,2023-09-13,West Garrettton
1356,541,Checking,952353,2020-07-02,Port Marieville
1357,764,Investment,484921,2019-12-02,Thomasmouth
1358,263,Checking,804228,2022-01-09,Edgarmouth
1359,209,Investment,545087,2020-12-29,South Lauren
1360,423,Investment,231482,2023-02-02,West Kyle
1361,572,Checking,681037,2021-08-05,Kathyfurt
1362,401,Checking,668070,2023-02-26,East Kimberlyton
1363,289,Investment,329619,2022-08-04,Port Melindastad
1364,349,Savings,707175,2020-08-19,Ochoachester
1365,240,Investment,485173,2020-07-21,Jimmyshire
1366,278,Savings,403307,2024-07-02,Port Jessicaborough
1367,419,Investment,261026,2020-03-10,East Tony
1368,336,Savings,35055,2020-08-22,Patelmouth
1369,511,Checking,922454,2021-01-21,Patriciaville
1370,448,Investment,554788,2022-08-26,West Tina
1371,380,Investment,872295,2020-03-16,Cunninghamshire
1372,823,Investment,758683,2022-02-05,Garciahaven
1373,897,Savings,205069,2023-03-31,Brianstad
1374,441,Checking,970097,2021-02-15,Port Anthonyshire
1375,626,Savings,270305,2024-06-03,Lake Hayley
1376,97,Checking,507239,2020-08-27,Richardsonton
1377,897,Checking,861563,2021-06-16,Robertmouth
1378,79,Checking,613452,2022-06-24,South Jonathanfurt
1379,135,Checking,944214,2023-08-10,North Donna
1380,928,Investment,7638,2022-03-26,Masonshire
1381,480,Checking,303225,2022-03-29,Candicebury
1382,189,Investment,691032,2024-06-18,Port Raymondland
1383,467,Savings,405101,2019-11-03,Kevinshire
1384,309,Savings,327580,2023-09-24,Lake Michael
1385,882,Savings,2068,2023-07-10,South Emilystad
1386,585,Investment,355440,2023-09-14,Janetville
1387,562,Checking,408400,2023-05-11,Port Sharonborough
1388,182,Checking,736079,2021-09-30,Heatherborough
1389,444,Investment,332996,2020-01-02,Thomashaven
1390,64,Investment,414008,2021-06-11,West Markport
1391,695,Investment,173425,2019-12-02,Thompsonchester
1392,524,Investment,871983,2022-08-09,Port Roymouth
1393,14,Checking,159386,2021-08-25,Lake Kimberlybury
1394,412,Investment,692360,2020-01-20,New Melissa
1395,405,Investment,452311,2021-11-24,Sarahville
1396,874,Investment,142153,2021-08-27,Lake Jeffreyberg
1397,767,Checking,151866,2023-04-07,West Carlview
1398,270,Investment,928635,2021-02-01,Port Janicestad
1399,280,Investment,580390,2023-01-12,Shelbybury
1400,43,Checking,953072,2023-10-05,Lake Michaelton
1401,71,Investment,966325,2021-11-21,Ericfort
1402,135,Savings,295727,2021-10-11,Martinezmouth
1403,877,Savings,458465,2023-02-12,Brownfort
1404,904,Investment,44063,2023-05-22,Christopherland
1405,158,Savings,886683,2024-03-14,East Jeffrey
1406,628,Savings,439239,2023-02-16,South Amanda
1407,577,Checking,543060,2021-11-06,North Jasonmouth
1408,372,Investment,912559,2022-09-23,Reyesside
1409,55,Investment,141442,2021-10-07,Port Annette
1410,25,Checking,166334,2023-10-13,Kingmouth
1411,486,Investment,992548,2021-05-15,Simpsonland
1412,461,Checking,909029,2024-05-07,Jenniferfort
1413,655,Savings,95046,2021-09-15,North Zachary
1414,829,Checking,452834,2021-02-28,Port Joshua
1415,412,Checking,553086,2022-04-29,Lozanoville
1416,262,Savings,91129,2020-05-27,South Matthewborough
1417,398,Checking,28520,2020-03-23,Foxmouth
1418,158,Checking,229596,2024-05-09,Lake Robertchester
1419,41,Investment,967129,2022-09-10,Debrashire
1420,855,Savings,788836,2021-06-03,Davisborough
1421,17,Investment,141344,2024-05-02,Boydborough
1422,394,Investment,4929,2020-02-24,South Melindaland
1423,194,Investment,61191,2020-08-13,South Chloeberg
1424,489,Investment,196202,2022-08-26,Cruzfort
1425,664,Checking,819995,2021-12-22,Smithbury
1426,551,Savings,630237,2024-05-27,Haleyfort
1427,119,Investment,662950,2022-10-14,Port Holly
1428,520,Savings,320535,2020-01-20,Lake Pamela
1429,704,Investment,59087,2023-07-22,Hensonborough
1430,785,Checking,273455,2020-03-13,West Charles
1431,755,Checking,723246,2021-01-10,Michaelhaven
1432,38,Investment,300223,2024-08-10,Ryanland
1433,983,Investment,12324,2022-10-02,Justinborough
1434,383,Checking,126227,2023-06-25,Wellsborough
1435,889,Savings,454176,2020-12-22,East Tanner
1436,676,Investment,175275,2024-05-11,Lake Ashley
1437,427,Investment,955236,2022-08-16,New Christopher
1438,223,Investment,569754,2024-05-28,South Sharon
1439,126,Checking,254040,2020-10-31,Daniellefurt
1440,926,Savings,36555,2024-01-07,South Erica
1441,720,Investment,17425,2020-08-16,Port Carlosbury
1442,328,Checking,130411,2021-06-26,North Lisa
1443,459,Investment,144944,2023-07-24,Scottland
1444,478,Investment,674889,2022-02-03,New Davidberg
1445,789,Savings,444521,2021-01-31,Robinsonfort
1446,982,Checking,321407,2020-03-03,East Donnafort
1447,321,Savings,473681,2024-08-17,East Alyssamouth
1448,365,Investment,459671,2020-03-12,North Eduardo
1449,329,Investment,952802,2020-02-08,North Suzanneborough
1450,680,Savings,857636,2021-04-29,Ellisonmouth
1451,384,Checking,963473,2024-05-16,Josephbury
1452,935,Investment,684694,2023-02-11,Browntown
1453,63,Savings,8673,2021-01-16,Katherinefurt
1454,831,Checking,652689,2020-03-22,East Linda
1455,144,Savings,448637,2021-01-11,South Olivia
1456,224,Checking,710033,2024-02-12,Parkhaven
1457,735,Checking,820655,2022-09-21,East Laura
1458,292,Checking,2672,2024-03-21,West Megan
1459,654,Checking,62038,2020-12-23,Gonzalesville
1460,672,Savings,682971,2023-01-12,East Paige
1461,235,Investment,342362,2020-11-12,Roberttown
1462,906,Checking,551714,2021-04-28,North Gregoryside
1463,650,Investment,528121,2020-06-28,Karlshire
1464,656,Investment,264152,2021-06-12,Donnamouth
1465,661,Investment,113972,2021-07-12,Lake Jeanborough
1466,596,Savings,363305,2024-07-22,North Candace
1467,781,Checking,930159,2019-11-29,North Jasmine
1468,181,Savings,770283,2022-07-06,South Caleb
1469,791,Investment,301354,2021-04-04,East Christine
1470,793,Savings,165703,2021-10-31,Nicholasshire
1471,335,Checking,968972,2020-05-06,Adamsfurt
1472,746,Investment,851641,2024-05-02,Flemingbury
1473,156,Savings,946001,2020-05-30,Christopherhaven
1474,25,Checking,490298,2023-11-12,Henryburgh
1475,688,Checking,498702,2024-01-08,Longfort
1476,105,Checking,779338,2021-12-15,West Joshuaside
1477,80,Checking,770863,2021-09-03,Lake Theresaberg
1478,563,Savings,692939,2021-06-24,Franklinshire
1479,468,Checking,10298,2020-05-25,Williamshire
1480,302,Investment,432444,2024-03-24,Millershire
1481,388,Savings,628661,2021-10-10,Meganstad
1482,617,Checking,658726,2023-02-06,Port Benjamin
1483,688,Checking,419476,2021-10-13,Joemouth
1484,254,Savings,431255,2023-03-10,Meganburgh
1485,514,Investment,939670,2019-11-04,South Dawnview
1486,218,Investment,464494,2022-03-09,West Erinstad
1487,222,Savings,256868,2022-05-20,Oconnorstad
1488,941,Investment,410828,2023-04-29,Dillonberg
1489,262,Investment,213049,2024-09-05,New James
1490,541,Investment,337109,2022-12-15,Port Chelseatown
1491,683,Investment,552861,2024-04-23,Warnershire
1492,969,Checking,5917,2023-02-06,Santanaborough
1493,418,Checking,241852,2022-12-19,North Margaretton
1494,598,Investment,706676,2021-10-10,Port Sheilabury
1495,672,Savings,334231,2021-11-05,Lake William
1496,89,Checking,534344,2019-12-20,New Roseburgh
1497,467,Checking,448404,2023-04-18,South Elizabeth
1498,988,Investment,611930,2024-07-12,South Williammouth
1499,373,Savings,258914,2020-12-02,North Michelle
1500,858,Investment,417500,2024-02-02,Lake Brian
1501,630,Checking,244576,2021-07-17,South Brian
1502,547,Checking,290929,2020-10-24,New Sonyafurt
1503,816,Investment,709239,2020-10-17,Amberberg
1504,927,Savings,431010,2023-12-05,West Michaeltown
1505,277,Investment,452646,2020-01-10,Lake Mark
1506,259,Investment,950356,2022-03-28,North Samuel
1507,885,Investment,922729,2021-01-24,Floresfurt
1508,66,Checking,82198,2021-08-18,North Jeremymouth
1509,389,Checking,881969,2024-03-03,New Laura
1510,511,Checking,332834,2022-12-21,Port David
1511,920,Investment,443217,2021-09-10,North Nicolemouth
1512,93,Savings,751807,2023-09-02,Vaughnshire
1513,467,Checking,922722,2024-05-23,Cassandraside
1514,398,Investment,661399,2020-11-27,West Michael
1515,174,Savings,475440,2022-03-02,North Cynthiamouth
1516,458,Investment,272048,2022-10-20,Gibbsbury
1517,494,Investment,732718,2020-02-12,Michaelfurt
1518,23,Checking,893405,2023-07-12,Johnville
1519,222,Savings,42439,2023-04-01,Jessicaton
1520,754,Investment,765434,2021-08-18,Barbaraport
1521,37,Savings,643687,2020-10-25,East Lisa
1522,462,Investment,919800,2023-03-22,North Alexandraland
1523,737,Savings,871969,2021-10-30,East Aaron
1524,152,Checking,108996,2023-07-21,Caldwellbury
1525,487,Checking,332787,2022-10-23,North Allenport
1526,39,Savings,112040,2023-03-30,Angelamouth
1527,218,Checking,82115,2020-06-25,East Tarashire
1528,373,Savings,402386,2022-05-05,Lewisbury
1529,421,Savings,90654,2022-11-12,Andrewland
1530,209,Savings,40114,2020-05-18,East Erika
1531,362,Savings,727758,2023-03-23,Jamesmouth
1532,951,Savings,215365,2023-07-31,Lake Matthewstad
1533,233,Savings,399590,2022-05-13,East Jennifer
1534,289,Checking,624524,2023-11-18,New Donburgh
1535,925,Savings,646966,2024-03-30,West Gregorybury
1536,732,Savings,335285,2022-08-24,Sandrastad
1537,299,Savings,28374,2022-04-15,Jonathanmouth
1538,157,Investment,429436,2024-04-19,New Juan
1539,266,Savings,464869,2020-09-23,North Mariaville
1540,899,Investment,547658,2022-08-20,Julieville
1541,405,Checking,560740,2021-02-28,Christinaville
1542,524,Savings,354580,2024-02-10,Stokesborough
1543,386,Savings,143858,2022-04-27,Abbottside
1544,36,Savings,371606,2023-04-29,South Zachary
1545,696,Checking,676911,2024-04-06,North Morganmouth
1546,904,Savings,323394,2021-01-13,West Annastad
1547,863,Savings,217447,2019-12-03,West Destiny
1548,338,Investment,390056,2022-05-06,South Joshuafort
1549,80,Checking,671413,2024-02-03,Jonesstad
1550,412,Investment,839025,2021-03-14,East Walterburgh
1551,363,Checking,4184,2021-04-23,Sextonbury
1552,381,Checking,642609,2019-10-08,South Charles
1553,183,Investment,986039,2022-01-15,Port Travis
1554,639,Savings,948025,2023-09-30,West Juliemouth
1555,64,Savings,84466,2023-01-20,Barreraton
1556,495,Checking,855357,2021-11-19,Nicholsland
1557,449,Checking,882439,2022-02-25,Lindaview
1558,75,Investment,460997,2023-03-03,Landrymouth
1559,410,Investment,252451,2024-03-21,West Patrick
1560,738,Checking,259329,2021-02-04,Padillaton
1561,837,Investment,296157,2020-02-10,Christophermouth
1562,334,Savings,375259,2020-10-26,Patelfort
1563,154,Checking,684808,2019-12-14,West Nancy
1564,899,Savings,270797,2021-05-29,Stephenfurt
1565,470,Savings,690647,2020-03-03,Branchborough
1566,313,Investment,896970,2020-05-21,Lewisburgh
1567,866,Savings,298410,2021-12-25,Danielsmouth
1568,800,Checking,29243,2023-11-28,East Roger
1569,987,Savings,287917,2022-07-01,Lake Aimeebury
1570,0,Investment,161337,2021-04-07,Clintonburgh
1571,983,Checking,198852,2024-04-06,South Erinburgh
1572,175,Savings,427424,2024-03-16,West Emilyfort
1573,889,Checking,103198,2023-06-13,Donaldmouth
1574,372,Savings,853033,2021-11-28,Katieville
1575,71,Investment,829518,2020-04-12,West Sarahchester
1576,183,Savings,113564,2024-03-21,West Scott
1577,367,Investment,142066,2020-11-12,East Diana
1578,674,Investment,994320,2020-03-15,North Thomasburgh
1579,365,Investment,52901,2020-02-08,Justinborough
1580,810,Checking,878809,2021-07-12,Jimshire
1581,270,Investment,644915,2022-09-06,Schmidtland
1582,525,Checking,898842,2020-11-18,Shellyport
1583,40,Checking,872693,2019-12-24,North Bridgetmouth
1584,581,Savings,978776,2024-06-02,Davidsonmouth
1585,795,Investment,541283,2023-11-21,Lauriestad
1586,918,Savings,284813,2023-12-01,Jeremyberg
1587,597,Investment,470049,2021-04-22,South James
1588,588,Savings,383688,2020-12-10,Sabrinashire
1589,858,Checking,471583,2022-05-01,Port Codystad
1590,64,Checking,217787,2023-10-01,New Tammyton
1591,976,Checking,145728,2022-02-08,South Ryan
1592,125,Investment,527320,2022-06-23,Lake Benjaminport
1593,365,Investment,604741,2021-10-26,Erinport
1594,933,Savings,370184,2022-05-26,North Michellemouth
1595,627,Savings,128412,2021-03-24,Port Courtneyborough
1596,776,Investment,232238,2023-11-28,West Ariel
1597,34,Investment,243040,2022-11-13,Lake Kelly
1598,401,Investment,307298,2021-07-15,Christophermouth
1599,732,Checking,564487,2021-06-20,Port Sandraport
1600,120,Investment,913803,2022-06-03,New Toniburgh
1601,375,Savings,942815,2022-08-24,Richardville
1602,837,Checking,31352,2020-04-29,Davidview
1603,839,Investment,921909,2022-05-21,Brianchester
1604,939,Savings,594169,2021-10-18,West Scottberg
1605,792,Savings,444528,2022-12-25,West Daniellechester
1606,770,Checking,172024,2020-09-09,Carpenterport
1607,760,Savings,696098,2024-01-01,Vanessahaven
1608,139,Investment,488779,2022-11-15,Cisnerosbury
1609,886,Investment,759439,2020-10-08,Charleschester
1610,395,Savings,749177,2021-06-03,East Jonathan
1611,665,Savings,507348,2021-11-13,New Cindy
1612,441,Checking,180402,2022-02-10,Stacystad
1613,390,Checking,33076,2020-09-14,West Natalie
1614,76,Savings,513244,2020-05-05,West Leonard
1615,550,Checking,603449,2020-05-20,Stantonside
1616,469,Investment,911703,2022-06-13,Castroport
1617,116,Savings,943196,2022-07-25,North Sarah
1618,139,Savings,350991,2024-09-06,New Stephen
1619,976,Investment,884514,2023-10-25,Adamsshire
1620,144,Investment,910214,2021-10-01,Bryanchester
1621,740,Checking,297943,2020-02-22,South Marytown
1622,390,Checking,849588,2019-12-19,East Kristenmouth
1623,343,Checking,542447,2023-03-16,North Davidville
1624,4,Investment,697430,2024-07-20,West Brooke
1625,613,Investment,796813,2022-10-24,Thompsonchester
1626,946,Checking,583812,2024-06-08,North Thomas
1627,696,Investment,94257,2023-07-03,Beanton
1628,551,Savings,796594,2021-07-14,South Wendyton
1629,231,Checking,308842,2022-10-22,North Justin
1630,648,Checking,802434,2023-08-25,Port Nicole
1631,189,Investment,524595,2023-01-29,Atkinsonview
1632,161,Savings,109617,2023-02-23,Port Charleneton
1633,837,Savings,148975,2023-08-28,Rodriguezstad
1634,735,Investment,2602,2021-05-09,Jennifermouth
1635,192,Checking,91364,2024-08-29,Port Kevinshire
1636,885,Savings,916291,2022-02-26,West Jessica
1637,625,Savings,427435,2021-06-19,East Melissa
1638,85,Checking,710272,2023-08-14,Port Jessicashire
1639,499,Savings,844951,2021-11-28,East Kevinfurt
1640,333,Investment,217285,2020-06-14,North Josephchester
1641,132,Checking,87834,2022-11-07,Lake Anthony
1642,575,Checking,266472,2021-07-17,North Moniquechester
1643,618,Savings,223392,2021-07-28,West Kennethberg
1644,18,Investment,744969,2023-02-26,East Amanda
1645,489,Investment,173255,2022-10-03,Casechester
1646,591,Savings,831516,2021-12-21,Angelaport
1647,987,Investment,830911,2020-02-02,Melindaport
1648,456,Checking,181346,2021-02-16,South Deniseton
1649,986,Checking,338294,2020-10-09,South Mary
1650,777,Checking,196313,2024-07-22,New Cynthia
1651,395,Checking,888328,2023-08-20,Millershire
1652,753,Savings,152173,2022-11-25,West Paulberg
1653,175,Savings,960770,2024-09-04,Michaelborough
1654,828,Checking,641974,2024-08-29,Port Raymondchester
1655,24,Investment,531186,2024-04-23,Jonesstad
1656,282,Checking,455665,2021-02-17,Wattsmouth
1657,601,Checking,172872,2022-04-14,Copelandport
1658,199,Savings,750351,2021-09-15,South Justinmouth
1659,908,Checking,305534,2020-07-09,Alexandrachester
1660,320,Savings,599691,2024-08-12,Lake Victorborough
1661,385,Savings,108192,2023-04-12,New Lisaberg
1662,828,Savings,500681,2019-11-09,South James
1663,344,Checking,384029,2020-01-09,New Jennifer
1664,964,Investment,217735,2020-03-16,East Dawn
1665,38,Savings,949013,2023-09-04,Whitehaven
1666,508,Savings,582026,2019-10-10,Pricehaven
1667,64,Checking,391727,2023-03-29,Tapiaview
1668,762,Checking,518029,2022-01-21,Maryfort
1669,600,Savings,561289,2020-05-16,West Erik
1670,747,Checking,100495,2024-02-21,Lake Melindaborough
1671,185,Checking,242357,2022-01-22,South Jameshaven
1672,865,Investment,875544,2022-05-29,West Tiffanyborough
1673,19,Investment,760466,2024-05-08,North Gabriela
1674,59,Savings,681842,2023-07-28,West Veronica
1675,654,Investment,120588,2022-09-15,Michaelstad
1676,812,Checking,534943,2024-06-05,Bakerberg
1677,122,Investment,953459,2021-09-11,New Brianfurt
1678,938,Investment,250321,2020-12-11,Lake Scott
1679,506,Savings,143186,2022-05-13,Christensenberg
1680,416,Savings,621575,2020-07-10,East Monica
1681,788,Investment,486046,2022-10-30,Davisberg
1682,616,Savings,66081,2023-04-02,New Tonychester
1683,442,Savings,201469,2024-03-16,Williamsonborough
1684,444,Savings,382627,2021-06-06,Wrightport
1685,181,Savings,872791,2020-05-10,East Raymond
1686,310,Savings,167188,2022-09-12,West Melissahaven
1687,350,Checking,283637,2020-07-15,Davistown
1688,921,Investment,879370,2022-12-09,Ellisport
1689,758,Checking,500370,2021-09-25,Charlesshire
1690,204,Investment,569756,2023-09-22,Floresview
1691,222,Investment,216863,2022-05-08,New Daniel
1692,12,Checking,545680,2020-07-05,New Sarahton
1693,632,Investment,639874,2022-11-29,Andrewville
1694,108,Savings,27591,2022-10-05,West Dennis
1695,268,Checking,825017,2022-12-10,North Tyler
1696,366,Checking,141462,2024-10-02,Ericstad
1697,481,Checking,251284,2022-09-30,Brittanyton
1698,708,Investment,536191,2019-12-17,New Josephton
1699,335,Checking,672438,2020-07-28,Port Frederickshire
1700,124,Savings,355555,2023-10-27,Lake Melissa
1701,287,Checking,852534,2024-09-23,West Wanda
1702,108,Investment,952682,2022-08-02,Coxside
1703,120,Checking,543092,2020-10-29,Sharonborough
1704,687,Checking,673713,2021-07-03,Lake Natashabury
1705,678,Investment,663993,2021-02-16,West Randall
1706,764,Investment,124060,2020-06-04,Lake Kristinburgh
1707,6,Investment,540370,2022-08-12,New Katherine
1708,985,Savings,487392,2020-08-14,Bowersville
1709,929,Checking,391331,2021-09-13,North Lisatown
1710,403,Savings,680916,2020-11-25,Tiffanyhaven
1711,196,Checking,750662,2022-08-07,North Jared
1712,364,Savings,909073,2020-01-20,Teresaborough
1713,662,Investment,78006,2021-01-14,New Devin
1714,696,Savings,988298,2022-08-01,North Bethany
1715,330,Checking,526381,2021-03-23,Lake Todd
1716,4,Savings,60937,2020-07-12,East Jenna
1717,370,Savings,313015,2021-02-14,Lake Erik
1718,703,Investment,436764,2020-08-24,East Lisa
1719,803,Checking,693079,2022-05-30,Dawnshire
1720,226,Investment,442630,2022-02-12,North Cindystad
1721,804,Checking,3135,2022-11-13,New Michellestad
1722,563,Checking,126926,2021-05-30,New Ralphbury
1723,627,Checking,326071,2023-06-20,Port Alvinstad
1724,585,Investment,626863,2022-06-16,Chasechester
1725,493,Checking,394359,2024-08-04,Morganfurt
1726,275,Savings,816871,2020-12-17,Johnstonburgh
1727,34,Investment,801054,2020-09-04,Larsonburgh
1728,600,Savings,12983,2024-05-26,West Lindaville
1729,605,Investment,808101,2021-08-27,South Timothyville
1730,470,Investment,953537,2020-08-26,West Teresa
1731,446,Investment,706254,2024-03-30,Matthewmouth
1732,609,Investment,57464,2024-04-01,North Nancychester
1733,37,Investment,111745,2021-10-29,Port Christopher
1734,423,Checking,500864,2020-11-29,New Scottburgh
1735,464,Savings,399284,2022-11-02,South Brian
1736,304,Savings,128137,2021-02-03,Port Caroline
1737,924,Checking,299892,2022-06-04,Port Ronaldmouth
1738,704,Investment,825688,2022-11-05,Johnfort
1739,296,Checking,571554,2020-06-17,Vazquezland
1740,835,Investment,88421,2023-02-02,Melissamouth
1741,255,Checking,133418,2023-10-02,Jonesstad
1742,104,Investment,578019,2021-03-19,Murphyland
1743,730,Investment,616554,2023-02-23,Gonzalezborough
1744,35,Checking,481247,2024-08-07,South Justinberg
1745,81,Checking,815060,2024-05-16,Trujillobury
1746,154,Savings,257747,2021-03-09,East Markberg
1747,315,Checking,319179,2024-05-06,Granttown
1748,612,Checking,434345,2023-06-18,Samanthatown
1749,263,Checking,708992,2021-02-03,New Cristina
1750,597,Checking,878057,2022-10-08,Travisville
1751,285,Investment,544466,2020-04-12,Langmouth
1752,57,Savings,410996,2024-08-23,Port Brandonmouth
1753,315,Checking,330172,2021-02-09,Eugeneport
1754,330,Checking,314603,2020-09-24,North Kristopher
1755,830,Savings,44076,2021-07-16,North Charlesview
1756,724,Savings,436835,2020-12-20,West Sarahhaven
1757,437,Investment,409536,2024-07-29,Emilyland
1758,35,Investment,546372,2023-09-21,West Dominiqueland
1759,89,Checking,406342,2022-06-06,New Joshuaborough
1760,324,Investment,965162,2022-05-10,Robertstad
1761,350,Investment,238363,2022-12-24,Sloantown
1762,294,Savings,681162,2021-11-23,Lake Cindyfort
1763,934,Investment,519134,2022-05-15,Jensentown
1764,774,Savings,893980,2020-08-16,Angelamouth
1765,863,Investment,344413,2020-04-03,Teresatown
1766,417,Savings,245687,2019-12-22,Scottmouth
1767,618,Investment,469686,2021-01-19,North Christopher
1768,905,Checking,965677,2023-10-05,Brendanside
1769,110,Investment,148137,2022-12-21,Lake Angela
1770,430,Savings,714506,2022-01-14,Summershaven
1771,391,Savings,338619,2021-03-31,South Jill
1772,441,Savings,584555,2024-08-31,Tarashire
1773,904,Investment,278593,2022-11-27,Danielshire
1774,479,Savings,119297,2022-03-11,Thomasland
1775,826,Checking,753336,2021-09-06,Port Rebeccahaven
1776,375,Checking,822987,2022-08-11,Richardland
1777,302,Investment,581625,2020-09-30,Vasquezmouth
1778,934,Savings,942587,2022-06-08,Anthonyburgh
1779,579,Checking,683189,2021-12-12,Claytonville
1780,853,Checking,934538,2021-12-15,Port Tonyview
1781,810,Investment,353651,2023-07-06,Stevenbury
1782,623,Savings,862446,2022-05-29,Simsborough
1783,164,Savings,371129,2020-08-19,Stefaniestad
1784,689,Investment,95197,2020-10-10,Lake Evelynfurt
1785,977,Investment,850138,2022-06-28,Dodsonhaven
1786,585,Investment,202948,2023-06-25,Ericksonshire
1787,301,Investment,8430,2023-05-02,Jacksonside
1788,394,Checking,837352,2020-01-06,North Megan
1789,652,Savings,225581,2020-01-30,East Rhondaport
1790,390,Checking,844312,2024-03-09,Martinezberg
1791,841,Savings,104285,2023-10-10,Ballport
1792,662,Savings,545478,2022-10-17,Port Johnchester
1793,398,Savings,211619,2024-06-04,South Matthewview
1794,310,Checking,710553,2021-03-03,Lake Jaybury
1795,961,Checking,99601,2023-06-29,South Stevenshire
1796,32,Investment,620318,2020-07-22,Lake Tyler
1797,220,Investment,513869,2019-12-04,New Matthewstad
1798,262,Investment,36839,2021-07-22,North Jenniferville
1799,456,Investment,286599,2024-03-27,North Scott
1800,677,Checking,192858,2020-11-07,Jeffreytown
1801,929,Checking,909181,2019-10-15,Changstad
1802,706,Savings,872757,2021-04-14,Sandraville
1803,133,Savings,212161,2024-03-09,North Williamton
1804,396,Savings,838394,2020-01-04,Stevensonshire
1805,34,Investment,600119,2023-11-28,Choifurt
1806,43,Investment,156190,2023-02-19,Danielshire
1807,131,Checking,491811,2022-02-16,South Angelaland
1808,579,Checking,569582,2022-07-06,Nicolechester
1809,618,Investment,387539,2020-02-23,Shortchester
1810,218,Savings,445917,2024-01-04,New Donnachester
1811,49,Investment,992655,2021-02-02,Lake Deannafort
1812,630,Investment,173931,2022-10-26,Bretttown
1813,194,Checking,902733,2023-06-22,Thomastown
1814,238,Savings,285933,2021-12-07,Sanchezview
1815,568,Checking,138903,2020-03-22,Deniseview
1816,99,Savings,820723,2021-02-20,South Craig
1817,610,Savings,186857,2022-03-18,Amandafort
1818,543,Checking,882485,2024-09-22,West Kennethton
1819,226,Checking,280678,2019-10-08,Owenstown
1820,432,Savings,922259,2023-06-24,Melissaport
1821,627,Investment,248507,2020-04-22,Melissabury
1822,322,Savings,597003,2023-05-31,Barbarachester
1823,295,Investment,179633,2020-06-06,Hillville
1824,736,Investment,743397,2021-08-10,Tracyfort
1825,52,Investment,340321,2023-10-06,West Bethfurt
1826,941,Checking,611955,2021-06-21,New Barbara
1827,923,Savings,128660,2021-11-07,East Elizabeth
1828,896,Checking,198112,2024-04-25,Port Timothy
1829,155,Investment,460468,2019-11-12,Shahville
1830,564,Savings,694600,2020-10-08,Hectorhaven
1831,751,Checking,505380,2021-05-29,New Ericaport
1832,874,Savings,576897,2021-05-19,Ballfort
1833,564,Checking,359797,2024-01-27,South Nicoleshire
1834,320,Savings,538702,2022-08-09,Pierceville
1835,835,Investment,648062,2022-08-01,Christensenmouth
1836,907,Investment,777801,2020-01-17,New Donna
1837,460,Investment,711591,2021-05-31,Salazartown
1838,750,Checking,455272,2019-10-20,North Williamberg
1839,326,Savings,334741,2020-10-29,Pamelahaven
1840,454,Checking,952866,2024-06-18,South Timothyborough
1841,527,Savings,663171,2021-02-01,Francesside
1842,522,Investment,142963,2024-04-14,Williamsland
1843,849,Investment,817842,2023-03-17,Payneport
1844,446,Savings,310280,2023-06-03,East Paulbury
1845,615,Checking,359496,2021-12-13,Port Richard
1846,535,Checking,398913,2019-11-07,Lake Eric
1847,451,Investment,716345,2024-04-19,Port Sandrastad
1848,795,Investment,974767,2024-02-19,West Danielmouth
1849,524,Savings,424417,2022-12-23,Bakerview
1850,652,Investment,562053,2022-02-20,Ramosmouth
1851,499,Checking,943691,2021-07-08,Melissaville
1852,130,Savings,10111,2023-08-18,Smithburgh
1853,115,Savings,218829,2022-03-13,Port Ericborough
1854,186,Checking,342825,2020-09-20,South Alexismouth
1855,202,Investment,118256,2022-05-24,Kellyside
1856,413,Checking,471236,2023-11-16,Port Christianfort
1857,778,Investment,692904,2021-02-28,Port Richard
1858,471,Investment,631794,2024-01-08,Port Jamesmouth
1859,724,Savings,688159,2022-12-29,West Scotthaven
1860,802,Savings,562804,2023-02-04,Allenmouth
1861,293,Savings,64151,2020-06-17,East Erica
1862,589,Checking,530811,2021-06-22,West Thomas
1863,64,Checking,386774,2024-03-31,West Rebecca
1864,53,Savings,134850,2023-05-18,Tammymouth
1865,556,Savings,617219,2021-07-24,Lake Gabriella
1866,256,Checking,773208,2021-06-17,Turnershire
1867,161,Investment,11901,2023-02-21,West Austin
1868,439,Checking,995992,2022-07-24,Evanview
1869,956,Investment,841567,2023-04-29,Port Latoya
1870,16,Checking,679395,2023-04-02,Ramireztown
1871,346,Investment,560031,2020-06-05,New Annettefurt
1872,208,Checking,74504,2019-10-13,Martinezfurt
1873,10,Savings,124513,2022-05-09,Heatherberg
1874,963,Investment,396294,2024-09-28,Chambersview
1875,929,Checking,276010,2021-06-26,Lyonsland
1876,764,Checking,129929,2021-03-25,Ramirezville
1877,455,Savings,964166,2019-11-10,South Sonyaville
1878,529,Checking,196028,2020-01-04,Griffithville
1879,150,Savings,360570,2022-07-29,Butlerville
1880,439,Savings,770164,2021-09-02,North Laceymouth
1881,763,Checking,590157,2022-11-29,Port Tannerside
1882,414,Savings,711573,2024-09-05,North Brandon
1883,388,Savings,287625,2022-04-28,Cassandraberg
1884,669,Checking,573759,2021-04-06,Martinhaven
1885,335,Investment,356932,2021-05-24,Hilltown
1886,548,Checking,358244,2024-08-22,Port Rebeccaburgh
1887,184,Savings,166462,2022-07-22,Robertfort
1888,964,Investment,440967,2020-01-03,New Jennifer
1889,275,Investment,82484,2022-07-24,Bruceton
1890,918,Checking,453265,2021-11-19,North Robert
1891,753,Savings,453532,2020-09-02,Brianside
1892,110,Checking,410908,2020-11-20,Sototon
1893,700,Investment,402778,2022-07-24,East Joshua
1894,490,Investment,117579,2024-07-10,Smithfort
1895,694,Investment,889901,2019-10-28,Charlesside
1896,278,Investment,194717,2024-02-24,New Diana
1897,628,Investment,965329,2023-11-22,Stricklandfurt
1898,515,Investment,289602,2024-05-19,Lake Joseph
1899,823,Savings,603321,2023-10-27,Solomonmouth
1900,356,Savings,193052,2020-07-07,Robertsonview
1901,667,Savings,899907,2024-09-16,Lisaberg
1902,380,Savings,301401,2021-07-25,Murrayshire
1903,437,Savings,468080,2021-08-31,South Scottshire
1904,439,Savings,597165,2020-08-20,Lake Lauraborough
1905,530,Investment,322556,2022-11-01,Lopezborough
1906,0,Checking,455511,2021-03-24,Deanport
1907,120,Investment,556109,2023-12-01,Robertview
1908,875,Checking,785916,2020-11-20,Quinnbury
1909,434,Savings,634253,2023-04-28,South Ericchester
1910,646,Checking,666860,2022-02-10,Jacquelineburgh
1911,815,Checking,640522,2024-04-23,Brownport
1912,648,Savings,687606,2021-01-04,West Brianhaven
1913,25,Investment,994848,2023-01-02,Danamouth
1914,101,Investment,500111,2022-10-03,Parkertown
1915,860,Checking,665750,2020-10-05,New Tiffanyfort
1916,502,Investment,292467,2020-07-11,Port Denise
1917,221,Savings,636282,2021-03-11,West Charlesfurt
1918,325,Investment,737200,2023-08-09,Garciamouth
1919,143,Investment,290640,2023-10-23,South Jean
1920,351,Investment,422211,2024-03-23,Jamesshire
1921,290,Investment,734634,2023-02-26,Jasonburgh
1922,545,Savings,91851,2019-11-18,South Jaimemouth
1923,79,Investment,479207,2020-02-25,New Codymouth
1924,876,Investment,456334,2022-03-06,Lake Melissa
1925,570,Checking,674507,2022-07-22,Hartmanburgh
1926,29,Savings,868937,2019-12-23,Christopherport
1927,827,Savings,601062,2024-04-13,North Deniseland
1928,249,Investment,173282,2024-04-09,Robertsbury
1929,592,Savings,24086,2022-05-06,Lake Heatherchester
1930,165,Investment,188073,2022-04-27,Greenmouth
1931,521,Checking,17561,2021-04-25,North Sarahbury
1932,378,Checking,740199,2023-12-14,North Matthew
1933,621,Checking,382521,2024-06-04,Woodsfurt
1934,346,Checking,738424,2022-10-19,Port Brucefort
1935,425,Investment,992044,2020-01-27,South Gabriella
1936,397,Savings,450658,2020-03-25,Susanport
1937,367,Investment,754667,2024-02-04,Williamtown
1938,981,Checking,799912,2020-01-19,Stevensonton
1939,593,Savings,37064,2022-03-04,Rushhaven
1940,153,Checking,713205,2020-01-13,Benjaminchester
1941,488,Checking,870360,2022-12-02,Thompsonview
1942,343,Investment,289722,2022-09-18,Port Emilychester
1943,514,Savings,698848,2020-12-16,West Kimberlyhaven
1944,599,Checking,424557,2023-09-12,Longfurt
1945,691,Checking,704255,2023-06-25,Danielmouth
1946,332,Checking,534425,2021-04-30,West Susanport
1947,767,Investment,566713,2022-09-26,Veronicaburgh
1948,199,Investment,547661,2021-11-02,Phillipsbury
1949,331,Investment,871995,2021-07-26,New Carlos
1950,850,Investment,411755,2022-11-27,Brittanyborough
1951,250,Checking,336030,2023-03-30,Victoriafurt
1952,76,Savings,411628,2019-11-10,South Ronaldberg
1953,532,Investment,738072,2023-10-13,New Gavinberg
1954,176,Savings,200641,2024-03-06,East Loriland
1955,600,Checking,852285,2020-09-04,Ronaldbury
1956,428,Savings,694380,2024-03-15,Garciastad
1957,266,Savings,49345,2023-07-13,North Lisa
1958,181,Savings,952433,2021-05-06,Dylanville
1959,114,Investment,560048,2022-08-13,New Susanburgh
1960,776,Investment,646774,2023-12-24,Lake Christinaland
1961,773,Investment,517892,2022-05-17,Ashleyberg
1962,954,Savings,857976,2022-03-21,East Reneebury
1963,589,Investment,119632,2023-02-25,New Deborah
1964,824,Checking,320099,2020-01-07,Jerryside
1965,944,Savings,407976,2022-10-24,Patrickbury
1966,33,Investment,695947,2023-03-08,Lake Thomas
1967,421,Investment,191527,2024-06-13,West Victorside
1968,972,Checking,30456,2020-07-17,Bridgetshire
1969,948,Savings,677130,2022-12-11,Kaylaton
1970,312,Investment,858739,2020-09-04,Jensenfurt
1971,462,Checking,57877,2021-11-06,Gutierrezberg
1972,913,Checking,260106,2022-11-25,Matthewfort
1973,590,Savings,274446,2021-06-11,Nicolechester
1974,467,Checking,358263,2023-04-18,Peterfort
1975,362,Investment,229781,2023-03-18,South Linda
1976,836,Savings,937308,2022-01-09,Kirkmouth
1977,42,Savings,562180,2024-08-19,West Terriview
1978,619,Checking,519461,2022-03-10,Port Rodney
1979,455,Investment,373285,2023-12-24,Hayesview
1980,298,Investment,121950,2020-09-04,Herreraview
1981,834,Investment,216924,2020-04-02,Deniseburgh
1982,583,Checking,258259,2019-11-29,Holmesmouth
1983,855,Investment,92841,2021-01-04,Burkestad
1984,458,Savings,203714,2022-07-22,South Jenniferport
1985,452,Investment,627906,2021-12-08,North Shelbytown
1986,891,Checking,328291,2020-12-15,West Debraport
1987,25,Savings,815323,2023-12-19,Melissashire
1988,566,Investment,533111,2019-10-12,Billfort
1989,711,Checking,297813,2020-07-25,Cobbbury
1990,843,Checking,3160,2024-09-02,Chambersstad
1991,892,Investment,714362,2023-06-08,Martinberg
1992,264,Savings,72766,2023-11-13,South Jonathanchester
1993,451,Checking,992259,2021-02-22,New Benjaminton
1994,271,Checking,179305,2022-10-18,Marcusbury
1995,447,Checking,330696,2020-09-27,Molinaville
1996,64,Savings,103878,2019-10-03,North Kristen
1997,801,Savings,141724,2021-08-21,New Kathryntown
1998,245,Checking,803208,2023-12-06,North Elizabeth
1999,810,Savings,21509,2020-09-10,Barberhaven
