advisor_id,name,email,phone,branch,years_experience
0,Shelia Hensley,mayerrobert@example.org,(437)381-6630x348,South Kyle,9
1,Peter Ferguson,xbrown@example.com,001-378-551-5668x1023,Lake Stephanie,17
2,Cassidy Jones,davidstevens@example.org,804.743.2925x303,Johnsonfort,15
3,Dennis Giles,erobinson@example.com,5453500229,Port Patricia,23
4,Amanda Cruz,inorris@example.org,287-887-9684,Russomouth,17
5,Tyler Phillips,stacey33@example.org,001-358-388-6262x42451,Mackberg,19
6,Jaime Trujillo,salazarshannon@example.net,320.568.9278x1506,Johnfort,17
7,Dana Conway,samantha65@example.org,001-668-981-0364x70563,Mckenziestad,11
8,Jennifer Gallegos,amyosborne@example.com,001-717-813-2535x147,East Julian,10
9,Mary Lee,alyssasingh@example.com,+1-685-581-1470x6252,East Ryanside,10
10,Earl Anderson,millerjoanna@example.net,362.591.3987,Stevensport,7
11,Amber Wade,kenneth64@example.com,3064159594,New Amyview,9
12,Heather Williams,david68@example.com,(357)342-0286,Lake Alexanderborough,25
13,Thomas Grimes,gacevedo@example.com,001-702-914-4049x321,Lake Caroline,17
14,Barbara Marks,davidsonvalerie@example.com,246-831-6111x262,North Markshire,2
15,Brittany Preston,watsonmichelle@example.net,855-847-5004x8162,North Carlosview,18
16,Blake Lloyd,michelle95@example.org,(638)497-5295x5691,Garyburgh,22
17,Timothy Martin,shannonvance@example.com,985-205-4241,Lake Maureen,12
18,George Everett,nathanroy@example.org,580-410-7582,Port Kaitlynhaven,14
19,Michael Farmer,davidarnold@example.net,560.670.9835,East Paulstad,16
20,Erin Adams,zachary16@example.com,001-573-597-4081x84953,Port Michael,12
21,Kelsey Henry,javier38@example.com,6564915456,Perryfort,12
22,Kevin Jefferson,martindennis@example.com,355-653-3971x37773,Port Rachel,12
23,Robert Brown,ashleywilliams@example.net,(949)416-8481x6783,Port Brandy,12
24,Debra Whitehead,kevinstephens@example.com,950.974.9025x881,South Albertside,26
25,Eric Osborn,ryanphillips@example.org,(372)764-1357x664,North Peterchester,14
26,Stephanie Huang,brandon09@example.org,702.715.9296x00325,Hannahton,13
27,Annette Hunt,marktran@example.net,9344709946,Davidchester,9
28,Arthur Johnson,meganjackson@example.com,322-463-5609x97346,Williamsfort,27
29,Matthew Holloway,matthew40@example.net,739.412.0415x496,Velasqueztown,11
30,Ashley Sullivan MD,qrose@example.net,281.690.6015,West Rebekahport,25
31,Andrew Graves,davismatthew@example.net,001-672-397-7974,Hillstad,5
32,Richard Thomas,turnertracey@example.org,295-603-1276,Port Elizabeth,1
33,Donna Miller,zwilliams@example.net,(647)223-3786,Lake Pamela,25
34,Robert Webb,katie73@example.net,575-702-3494,Matthewshire,10
35,Stacey Lowery,blakerodriguez@example.net,606-239-4958,West Maurice,5
36,Sydney Rice,maldonadokathleen@example.net,001-707-452-2078x8891,Bradleyview,29
37,Jill Payne,kimberly60@example.net,001-373-660-6883x882,Doughertystad,6
38,Catherine Rodgers,jameschandler@example.net,(822)600-7806,South Edward,24
39,Stephen Savage,marisamiller@example.net,+1-740-934-9958,Lake Sarahfurt,18
40,Todd Keith,edward61@example.org,418.604.1274,North Tracy,30
41,John Lopez,cassandra30@example.net,369.623.0284,Lake Emmabury,16
42,Jennifer Beltran,hmorris@example.org,543.596.6514x895,East Scott,29
43,Sheila Brown,montoyatraci@example.com,638.503.3330x8095,West Mitchellport,25
44,Donna Martinez,ecarr@example.org,829.439.5480x8285,New Robin,28
45,Daniel Norman,rscott@example.net,2354742191,Lake Matthewland,16
46,Robert Johnson,jillclayton@example.net,889.209.5229x19074,Peterston,20
47,Christine Levy,tcunningham@example.com,(960)279-9578x6215,Johnsonland,26
48,Lucas Jenkins,thomaswarren@example.com,737-485-3392x87422,East James,28
49,Christina Gallegos,williamscarolyn@example.com,3475820878,Smithburgh,10
50,Christopher Lindsey,stephanie81@example.net,(794)837-0807,Sandraton,1
51,Christopher Morris,harperbrianna@example.net,940.847.8894x493,East Gary,22
52,Eric Martinez,murrayaimee@example.net,729.361.9925x9771,North Daniel,14
53,Tiffany York,davisolivia@example.com,323.263.6921,Miguelville,30
54,Alexandria Cox,imontgomery@example.org,766-520-8425,West Josephside,26
55,Willie Harris,amberrobinson@example.com,362.588.8763,Lake Susanchester,29
56,Devin Alexander,hernandezautumn@example.org,001-524-970-8139,East Michael,30
57,Daniel Flowers,gabrielleroth@example.com,001-224-816-7711x269,Josephberg,11
58,Kayla Harvey,ofarley@example.net,493.230.0798x54285,Lamfurt,28
59,Crystal Lewis,laurenwells@example.org,+1-952-778-2233x196,North Rachel,7
60,Julie Melton,stevenwells@example.net,549.734.9619x81413,Davidview,7
61,Beth Obrien,brownkevin@example.org,791-609-7362,Jimenezland,6
62,Rachel Stone,lanekevin@example.net,(402)335-9637,Kristenfurt,14
63,Michael Taylor,qjensen@example.net,7356865402,Lindsayhaven,17
64,Lisa Fisher,ashley25@example.org,+1-858-392-7002,Port Debbie,21
65,Michael Becker,michael43@example.com,6643771129,New Taylor,22
66,Deborah Mccormick,knightadam@example.com,001-885-481-5727x472,South Michaelchester,23
67,Alan Smith,courtney80@example.org,823.736.6182x561,Jimmouth,15
68,Kimberly Wright,christopherstevens@example.org,(774)508-7497x134,Tiffanychester,5
69,Angela Ray,seantownsend@example.com,001-445-946-3657x941,Dominguezport,18
70,Dawn Hancock,sheilabrown@example.net,(943)304-4673x4469,Scottland,3
71,Thomas Pollard,christopher74@example.org,502.237.9794x030,North Julieborough,28
72,Mr. John Henderson,yhall@example.net,(772)275-8776,North Thomasstad,4
73,Steven Hardy,john54@example.com,(802)510-1828x55730,Markton,8
74,Regina Robinson,lanecarolyn@example.com,2758764966,Connieport,18
75,Scott Harmon,jacobhampton@example.net,651.619.6485x7047,Lake Jeffrey,27
76,Erica Meyer,portersean@example.net,(457)456-7858x3362,North Tina,17
77,Debra Pena,uharris@example.com,001-292-926-3608,Gamblemouth,12
78,Brian Bowman,kellykelsey@example.com,493-458-9230,Tinaville,14
79,Amanda Johnson,yvonnecooper@example.org,(681)643-9478x0388,Blackland,27
80,Dawn Woods,perkinsrobert@example.net,(333)808-4936x0229,West Katrinatown,6
81,Latasha Dawson,roger71@example.net,(989)260-1331x4264,New Angela,22
82,Leon Sanchez,navarropatrick@example.com,252.751.4848x382,North Mark,15
83,Kristi Stone,drivera@example.net,+1-484-905-9334x301,Johnstonstad,14
84,James Hill,blackjason@example.com,499-726-6050,Benitezburgh,13
85,Timothy Scott,fmorales@example.com,(241)837-5375,Lake Robertshire,22
86,Katie Hernandez,rnorris@example.com,(961)772-6798,Gregoryburgh,29
87,Michael Evans,paula78@example.org,001-654-955-1706x1776,Kington,21
88,Javier Chen,qhernandez@example.com,001-411-959-6222x3948,West Leslie,30
89,Shawn Bryan,tiffanynichols@example.org,806-777-2401x16255,North Pamelafort,1
90,Nancy Martinez,berryrobert@example.com,(857)351-7204x523,Chavezstad,18
91,Mariah Gonzales,tmiller@example.net,001-981-269-5947x67089,Andrewfort,29
92,Michele Scott,bryancharlotte@example.org,001-574-463-9611x36997,New Damonstad,17
93,Peter Perez,daniel36@example.net,998-776-7687,Rodriguezshire,2
94,Eric Roberts,kathleen13@example.org,+1-876-271-7278x920,Nicholeland,18
95,Ian Brown,millerkimberly@example.com,653.577.2690x7444,Lake Melanie,27
96,Linda Gilbert,gliu@example.net,641.726.8527,East Richardfurt,6
97,Sarah Delgado,pamelawhite@example.net,(357)867-8085x3424,Thomaschester,12
98,Melissa Hanna,todd48@example.net,397.373.4014,Gravesstad,24
99,Jeffrey Martin,heidi18@example.org,001-474-914-3576x10245,Nicholemouth,26
